{
  "accuracy": 0.9749072825995903,
  "macro_f1": 0.9325155387446085,
  "weighted_f1": 0.9748190121350053,
  "macro_precision": 0.9329264494505046,
  "macro_recall": 0.932676213854668,
  "per_class": {
    "Amazon Echo": {
      "precision": 0.967741935483871,
      "recall": 0.9885281913595314,
      "f1": 0.9780246317314658
    },
    "Android Phone 2": {
      "precision": 0.6883223684210527,
      "recall": 0.6345716451857468,
      "f1": 0.6603550295857988
    },
    "Belkin Wemo switch": {
      "precision": 0.8521830615465544,
      "recall": 0.9281894576012223,
      "f1": 0.8885638541000092
    },
    "Belkin wemo motion sensor": {
      "precision": 0.9279115803365225,
      "recall": 0.876714463840399,
      "f1": 0.9015867927552492
    },
    "Dropcam": {
      "precision": 0.9998878420816509,
      "recall": 0.9999439178957995,
      "f1": 0.9999158792025349
    },
    "HP Printer": {
      "precision": 0.8546409807355516,
      "recall": 0.8278201865988125,
      "f1": 0.8410168031021111
    },
    "Laptop": {
      "precision": 0.9922983669685517,
      "recall": 0.9986364288790011,
      "f1": 0.9954573094394964
    },
    "Netatmo Welcome": {
      "precision": 0.9140782573618395,
      "recall": 0.8625808907499048,
      "f1": 0.8875832354093224
    },
    "Netatmo weather station": {
      "precision": 1.0,
      "recall": 1.0,
      "f1": 1.0
    },
    "PIX-STAR Photo-frame": {
      "precision": 0.9176090468497576,
      "recall": 0.9594594594594594,
      "f1": 0.9380677126341866
    },
    "Samsung Galaxy Tab": {
      "precision": 0.7816840277777778,
      "recall": 0.8015131286159324,
      "f1": 0.7914744012304988
    },
    "Samsung SmartCam": {
      "precision": 0.9749187652315191,
      "recall": 0.9804942810457516,
      "f1": 0.9776985743380855
    },
    "Smart Things": {
      "precision": 0.9994722955145119,
      "recall": 1.0,
      "f1": 0.9997360781208762
    },
    "TP-Link Day Night Cloud camera": {
      "precision": 0.926060606060606,
      "recall": 0.9351285189718482,
      "f1": 0.9305724725943971
    },
    "TP-Link Smart plug": {
      "precision": 1.0,
      "recall": 1.0,
      "f1": 1.0
    },
    "TPLink Router Bridge LAN": {
      "precision": 0.9975601491019993,
      "recall": 0.9949303771799378,
      "f1": 0.996243527699753
    },
    "Triby Speaker": {
      "precision": 1.0,
      "recall": 1.0,
      "f1": 1.0
    },
    "Withings Smart Baby Monitor": {
      "precision": 0.998306806637318,
      "recall": 0.9996609020006781,
      "f1": 0.9989833954591664
    }
  },
  "confusion_matrix": [
    [
      4050,
      0,
      0,
      0,
      0,
      0,
      0,
      46,
      0,
      0,
      1,
      0,
      0,
      0,
      0,
      0,
      0,
      0
    ],
    [
      9,
      837,
      2,
      1,
      0,
      0,
      0,
      5,
      0,
      0,
      457,
      2,
      0,
      0,
      0,
      1,
      0,
      5
    ],
    [
      0,
      1,
      4860,
      248,
      0,
      10,
      1,
      29,
      0,
      9,
      1,
      32,
      0,
      12,
      0,
      33,
      0,
      0
    ],
    [
      0,
      2,
      662,
      5625,
      0,
      13,
      0,
      33,
      0,
      7,
      5,
      23,
      0,
      20,
      0,
      26,
      0,
      0
    ],
    [
      0,
      0,
      0,
      0,
      17830,
      0,
      0,
      0,
      0,
      0,
      1,
      0,
      0,
      0,
      0,
      0,
      0,
      0
    ],
    [
      0,
      0,
      10,
      16,
      0,
      976,
      50,
      26,
      0,
      10,
      3,
      64,
      0,
      0,
      0,
      24,
      0,
      0
    ],
    [
      0,
      1,
      0,
      0,
      0,
      4,
      13915,
      1,
      0,
      0,
      4,
      2,
      0,
      0,
      0,
      7,
      0,
      0
    ],
    [
      104,
      4,
      49,
      47,
      0,
      38,
      12,
      2266,
      0,
      18,
      9,
      63,
      0,
      0,
      0,
      17,
      0,
      0
    ],
    [
      0,
      0,
      0,
      0,
      0,
      0,
      0,
      0,
      537,
      0,
      0,
      0,
      0,
      0,
      0,
      0,
      0,
      0
    ],
    [
      0,
      0,
      8,
      8,
      0,
      2,
      0,
      2,
      0,
      568,
      0,
      4,
      0,
      0,
      0,
      0,
      0,
      0
    ],
    [
      22,
      366,
      0,
      4,
      2,
      4,
      18,
      1,
      0,
      3,
      1801,
      4,
      0,
      0,
      0,
      22,
      0,
      0
    ],
    [
      0,
      2,
      16,
      33,
      0,
      41,
      14,
      34,
      0,
      4,
      4,
      9601,
      0,
      29,
      0,
      14,
      0,
      0
    ],
    [
      0,
      0,
      0,
      0,
      0,
      0,
      0,
      0,
      0,
      0,
      0,
      0,
      1894,
      0,
      0,
      0,
      0,
      0
    ],
    [
      0,
      1,
      13,
      10,
      0,
      0,
      0,
      0,
      0,
      0,
      0,
      29,
      0,
      764,
      0,
      0,
      0,
      0
    ],
    [
      0,
      0,
      0,
      0,
      0,
      0,
      0,
      0,
      0,
      0,
      0,
      0,
      0,
      0,
      165,
      0,
      0,
      0
    ],
    [
      0,
      2,
      83,
      70,
      0,
      54,
      13,
      36,
      0,
      0,
      18,
      23,
      1,
      0,
      0,
      58876,
      0,
      0
    ],
    [
      0,
      0,
      0,
      0,
      0,
      0,
      0,
      0,
      0,
      0,
      0,
      0,
      0,
      0,
      0,
      0,
      505,
      0
    ],
    [
      0,
      0,
      0,
      0,
      0,
      0,
      0,
      0,
      0,
      0,
      0,
      1,
      0,
      0,
      0,
      0,
      0,
      2948
    ]
  ],
  "time_costs": {
    "feature_construction_time": 3.9156322479248047,
    "train_time": 6.853634600003716,
    "inference_time_total": 0.46360819999244995,
    "inference_time_per_sample": 3.5305582843469417e-06
  }
}