{
  "accuracy": 0.963601067702014,
  "macro_f1": 0.8793002572777789,
  "weighted_f1": 0.96352605169181,
  "macro_precision": 0.8754080528651649,
  "macro_recall": 0.8903975664824215,
  "per_class": {
    "Amazon Echo": {
      "precision": 0.9942857142857143,
      "recall": 0.9923954372623575,
      "f1": 0.9933396764985728
    },
    "Android Phone 2": {
      "precision": 0.7894736842105263,
      "recall": 0.75,
      "f1": 0.7692307692307693
    },
    "Belkin Wemo switch": {
      "precision": 0.5538461538461539,
      "recall": 0.6923076923076923,
      "f1": 0.6153846153846154
    },
    "Belkin wemo motion sensor": {
      "precision": 0.6420454545454546,
      "recall": 0.5,
      "f1": 0.5621890547263682
    },
    "Dropcam": {
      "precision": 1.0,
      "recall": 1.0,
      "f1": 1.0
    },
    "HP Printer": {
      "precision": 0.8663366336633663,
      "recall": 0.8974358974358975,
      "f1": 0.8816120906801007
    },
    "Laptop": {
      "precision": 0.8285714285714286,
      "recall": 0.8529411764705882,
      "f1": 0.8405797101449275
    },
    "Netatmo Welcome": {
      "precision": 0.980565371024735,
      "recall": 0.9719789842381786,
      "f1": 0.9762532981530343
    },
    "Netatmo weather station": {
      "precision": 0.9801980198019802,
      "recall": 1.0,
      "f1": 0.99
    },
    "PIX-STAR Photo-frame": {
      "precision": 0.8115942028985508,
      "recall": 0.9032258064516129,
      "f1": 0.8549618320610687
    },
    "Samsung Galaxy Tab": {
      "precision": 0.85,
      "recall": 0.7589285714285714,
      "f1": 0.8018867924528302
    },
    "Samsung SmartCam": {
      "precision": 0.961038961038961,
      "recall": 0.9517684887459807,
      "f1": 0.9563812600969306
    },
    "Smart Things": {
      "precision": 1.0,
      "recall": 1.0,
      "f1": 1.0
    },
    "TP-Link Day Night Cloud camera": {
      "precision": 0.9222222222222223,
      "recall": 0.8058252427184466,
      "f1": 0.8601036269430051
    },
    "TP-Link Smart plug": {
      "precision": 0.6111111111111112,
      "recall": 0.9565217391304348,
      "f1": 0.7457627118644068
    },
    "TPLink Router Bridge LAN": {
      "precision": 0.9985637342908438,
      "recall": 1.0,
      "f1": 0.9992813510600072
    },
    "Triby Speaker": {
      "precision": 0.9705882352941176,
      "recall": 1.0,
      "f1": 0.9850746268656716
    },
    "Withings Smart Baby Monitor": {
      "precision": 0.9969040247678018,
      "recall": 0.9938271604938271,
      "f1": 0.9953632148377125
    }
  },
  "confusion_matrix": [
    [
      522,
      0,
      0,
      0,
      0,
      0,
      1,
      0,
      0,
      0,
      3,
      0,
      0,
      0,
      0,
      0,
      0,
      0
    ],
    [
      0,
      15,
      0,
      0,
      0,
      0,
      2,
      0,
      0,
      0,
      2,
      0,
      0,
      0,
      0,
      1,
      0,
      0
    ],
    [
      0,
      0,
      144,
      53,
      0,
      4,
      1,
      1,
      0,
      0,
      0,
      3,
      0,
      2,
      0,
      0,
      0,
      0
    ],
    [
      0,
      0,
      98,
      113,
      0,
      7,
      0,
      1,
      0,
      3,
      0,
      0,
      0,
      4,
      0,
      0,
      0,
      0
    ],
    [
      0,
      0,
      0,
      0,
      1889,
      0,
      0,
      0,
      0,
      0,
      0,
      0,
      0,
      0,
      0,
      0,
      0,
      0
    ],
    [
      0,
      0,
      6,
      2,
      0,
      175,
      0,
      2,
      0,
      8,
      0,
      1,
      0,
      1,
      0,
      0,
      0,
      0
    ],
    [
      0,
      3,
      0,
      0,
      0,
      0,
      29,
      0,
      0,
      0,
      1,
      0,
      0,
      0,
      0,
      1,
      0,
      0
    ],
    [
      2,
      1,
      3,
      0,
      0,
      2,
      0,
      555,
      1,
      1,
      4,
      1,
      0,
      0,
      0,
      0,
      0,
      1
    ],
    [
      0,
      0,
      0,
      0,
      0,
      0,
      0,
      0,
      99,
      0,
      0,
      0,
      0,
      0,
      0,
      0,
      0,
      0
    ],
    [
      0,
      0,
      2,
      2,
      0,
      1,
      0,
      1,
      0,
      56,
      0,
      0,
      0,
      0,
      0,
      0,
      0,
      0
    ],
    [
      1,
      0,
      0,
      0,
      0,
      2,
      2,
      3,
      0,
      1,
      85,
      0,
      0,
      0,
      14,
      2,
      1,
      1
    ],
    [
      0,
      0,
      4,
      2,
      0,
      7,
      0,
      2,
      0,
      0,
      0,
      296,
      0,
      0,
      0,
      0,
      0,
      0
    ],
    [
      0,
      0,
      0,
      0,
      0,
      0,
      0,
      0,
      0,
      0,
      0,
      0,
      401,
      0,
      0,
      0,
      0,
      0
    ],
    [
      0,
      0,
      3,
      4,
      0,
      4,
      0,
      1,
      0,
      0,
      1,
      7,
      0,
      83,
      0,
      0,
      0,
      0
    ],
    [
      0,
      0,
      0,
      0,
      0,
      0,
      0,
      0,
      1,
      0,
      0,
      0,
      0,
      0,
      22,
      0,
      0,
      0
    ],
    [
      0,
      0,
      0,
      0,
      0,
      0,
      0,
      0,
      0,
      0,
      0,
      0,
      0,
      0,
      0,
      2781,
      0,
      0
    ],
    [
      0,
      0,
      0,
      0,
      0,
      0,
      0,
      0,
      0,
      0,
      0,
      0,
      0,
      0,
      0,
      0,
      33,
      0
    ],
    [
      0,
      0,
      0,
      0,
      0,
      0,
      0,
      0,
      0,
      0,
      4,
      0,
      0,
      0,
      0,
      0,
      0,
      644
    ]
  ],
  "time_costs": {
    "feature_construction_time": 98.30799746513367,
    "train_time": 0.6602269999857526,
    "inference_time_total": 0.03954129997873679,
    "inference_time_per_sample": 4.7975370030013086e-06
  }
}