{
  "accuracy": 0.022101326079564772,
  "macro_f1": 0.05066850257171259,
  "weighted_f1": 0.024190127589904995,
  "macro_precision": 0.1542046842046842,
  "macro_recall": 0.056649131381729,
  "per_class": {
    "Amazon Echo": {
      "precision": 0.0,
      "recall": 0.0,
      "f1": 0.0
    },
    "Belkin Wemo switch": {
      "precision": 0.0,
      "recall": 0.0,
      "f1": 0.0
    },
    "Belkin wemo motion sensor": {
      "precision": 0.0,
      "recall": 0.0,
      "f1": 0.0
    },
    "HP Printer": {
      "precision": 0.8,
      "recall": 0.07655502392344497,
      "f1": 0.13973799126637554
    },
    "Laptop": {
      "precision": 0.0,
      "recall": 0.0,
      "f1": 0.0
    },
    "Netatmo Welcome": {
      "precision": 0.007575757575757576,
      "recall": 0.003289473684210526,
      "f1": 0.0045871559633027525
    },
    "Netatmo weather station": {
      "precision": 0.0,
      "recall": 0.0,
      "f1": 0.0
    },
    "PIX-STAR Photo-frame": {
      "precision": 0.5054945054945055,
      "recall": 0.7666666666666667,
      "f1": 0.609271523178808
    },
    "Samsung Galaxy Tab": {
      "precision": 0.0,
      "recall": 0.0,
      "f1": 0.0
    },
    "Samsung SmartCam": {
      "precision": 1.0,
      "recall": 0.0032258064516129032,
      "f1": 0.006430868167202572
    },
    "Smart Things": {
      "precision": 0.0,
      "recall": 0.0,
      "f1": 0.0
    },
    "TP-Link Day Night Cloud camera": {
      "precision": 0.0,
      "recall": 0.0,
      "f1": 0.0
    },
    "TP-Link Smart plug": {
      "precision": 0.0,
      "recall": 0.0,
      "f1": 0.0
    },
    "TPLink Router Bridge LAN": {
      "precision": 0.0,
      "recall": 0.0,
      "f1": 0.0
    },
    "Withings Smart Baby Monitor": {
      "precision": 0.0,
      "recall": 0.0,
      "f1": 0.0
    }
  },
  "confusion_matrix": [
    [
      0,
      0,
      125,
      0,
      2,
      0,
      0,
      0,
      0,
      0,
      0,
      0,
      0,
      1128,
      0
    ],
    [
      0,
      0,
      0,
      0,
      0,
      0,
      0,
      0,
      0,
      0,
      0,
      0,
      0,
      0,
      0
    ],
    [
      0,
      0,
      0,
      0,
      0,
      0,
      0,
      0,
      0,
      0,
      0,
      0,
      0,
      0,
      0
    ],
    [
      1,
      4,
      119,
      16,
      0,
      37,
      0,
      14,
      11,
      0,
      1,
      0,
      0,
      0,
      6
    ],
    [
      0,
      0,
      0,
      0,
      0,
      0,
      0,
      0,
      0,
      0,
      0,
      0,
      0,
      0,
      0
    ],
    [
      3,
      42,
      180,
      0,
      1,
      1,
      0,
      0,
      0,
      0,
      0,
      0,
      0,
      77,
      0
    ],
    [
      0,
      0,
      406,
      4,
      0,
      0,
      0,
      2,
      8,
      0,
      0,
      0,
      2,
      0,
      0
    ],
    [
      0,
      0,
      2,
      0,
      0,
      0,
      0,
      46,
      3,
      0,
      0,
      0,
      8,
      0,
      1
    ],
    [
      0,
      0,
      0,
      0,
      0,
      0,
      0,
      0,
      0,
      0,
      0,
      0,
      0,
      0,
      0
    ],
    [
      3,
      82,
      238,
      0,
      7,
      94,
      0,
      0,
      0,
      2,
      0,
      0,
      0,
      194,
      0
    ],
    [
      0,
      0,
      0,
      0,
      0,
      0,
      0,
      0,
      0,
      0,
      0,
      0,
      0,
      0,
      0
    ],
    [
      0,
      0,
      22,
      0,
      0,
      0,
      0,
      29,
      5,
      0,
      0,
      0,
      6,
      0,
      9
    ],
    [
      0,
      0,
      0,
      0,
      0,
      0,
      0,
      0,
      0,
      0,
      0,
      0,
      0,
      0,
      0
    ],
    [
      0,
      0,
      0,
      0,
      0,
      0,
      0,
      0,
      0,
      0,
      0,
      0,
      0,
      0,
      0
    ],
    [
      0,
      0,
      0,
      0,
      0,
      0,
      0,
      0,
      0,
      0,
      0,
      0,
      0,
      0,
      0
    ]
  ],
  "time_costs": {
    "inference_time_total": 0.2859791000082623,
    "inference_time_per_sample": 9.723872832650878e-05
  }
}