{
  "accuracy": 0.16532086697832554,
  "macro_f1": 0.12557703387478816,
  "weighted_f1": 0.08176966259113312,
  "macro_precision": 0.25113844834927146,
  "macro_recall": 0.21848786082989263,
  "per_class": {
    "class_0": {
      "precision": 1.0,
      "recall": 0.000835421888053467,
      "f1": 0.001669449081803005
    },
    "class_1": {
      "precision": 0.19817073170731708,
      "recall": 0.6794425087108014,
      "f1": 0.3068450039339103
    },
    "class_2": {
      "precision": 0.16463711641500245,
      "recall": 0.5898778359511344,
      "f1": 0.25742574257425743
    },
    "class_3": {
      "precision": 0.0,
      "recall": 0.0,
      "f1": 0.0
    },
    "class_4": {
      "precision": 0.3951612903225806,
      "recall": 0.25925925925925924,
      "f1": 0.31309904153354634
    },
    "class_5": {
      "precision": 0.0,
      "recall": 0.0,
      "f1": 0.0
    },
    "class_6": {
      "precision": 0.0,
      "recall": 0.0,
      "f1": 0.0
    }
  },
  "confusion_matrix": [
    [
      1,
      776,
      390,
      25,
      3,
      0,
      2
    ],
    [
      0,
      390,
      150,
      1,
      24,
      0,
      9
    ],
    [
      0,
      185,
      338,
      44,
      4,
      0,
      2
    ],
    [
      0,
      94,
      961,
      0,
      0,
      0,
      2
    ],
    [
      0,
      78,
      53,
      0,
      49,
      0,
      9
    ],
    [
      0,
      348,
      105,
      462,
      2,
      0,
      2
    ],
    [
      0,
      97,
      56,
      2,
      42,
      0,
      0
    ]
  ],
  "time_costs": {
    "train_time": 0.7461856000008993,
    "inference_time_total": 0.02570299999206327,
    "inference_time_per_sample": 5.461750954539581e-06
  }
}