{
  "accuracy": 0.9728679216523131,
  "macro_f1": 0.9108229838843737,
  "weighted_f1": 0.9712401261514718,
  "macro_precision": 0.9190722553185667,
  "macro_recall": 0.9124097973310623,
  "per_class": {
    "Amazon Echo": {
      "precision": 0.9685230024213075,
      "recall": 0.9779951100244498,
      "f1": 0.9732360097323601
    },
    "Android Phone 2": {
      "precision": 0.5289256198347108,
      "recall": 0.48854961832061067,
      "f1": 0.5079365079365079
    },
    "Belkin Wemo switch": {
      "precision": 0.9461538461538461,
      "recall": 0.9407265774378585,
      "f1": 0.9434324065196549
    },
    "Belkin wemo motion sensor": {
      "precision": 0.9265367316341829,
      "recall": 0.9641185647425897,
      "f1": 0.944954128440367
    },
    "Dropcam": {
      "precision": 1.0,
      "recall": 1.0,
      "f1": 1.0
    },
    "HP Printer": {
      "precision": 0.9827586206896551,
      "recall": 0.9743589743589743,
      "f1": 0.9785407725321889
    },
    "Laptop": {
      "precision": 0.9764532744665195,
      "recall": 0.9526202440775305,
      "f1": 0.9643895348837209
    },
    "Netatmo Welcome": {
      "precision": 0.9961832061068703,
      "recall": 0.9961832061068703,
      "f1": 0.9961832061068703
    },
    "Netatmo weather station": {
      "precision": 1.0,
      "recall": 1.0,
      "f1": 1.0
    },
    "PIX-STAR Photo-frame": {
      "precision": 0.6590909090909091,
      "recall": 0.9830508474576272,
      "f1": 0.7891156462585034
    },
    "Samsung Galaxy Tab": {
      "precision": 0.7480314960629921,
      "recall": 0.42410714285714285,
      "f1": 0.5413105413105413
    },
    "Samsung SmartCam": {
      "precision": 0.9939024390243902,
      "recall": 0.9989785495403473,
      "f1": 0.9964340295466123
    },
    "Smart Things": {
      "precision": 1.0,
      "recall": 0.9947089947089947,
      "f1": 0.9973474801061007
    },
    "TP-Link Day Night Cloud camera": {
      "precision": 0.9876543209876543,
      "recall": 0.9876543209876543,
      "f1": 0.9876543209876543
    },
    "TP-Link Smart plug": {
      "precision": 0.9230769230769231,
      "recall": 0.75,
      "f1": 0.8275862068965517
    },
    "TPLink Router Bridge LAN": {
      "precision": 0.9834972495415902,
      "recall": 0.9971269224269055,
      "f1": 0.99026518966096
    },
    "Triby Speaker": {
      "precision": 0.9259259259259259,
      "recall": 1.0,
      "f1": 0.9615384615384616
    },
    "Withings Smart Baby Monitor": {
      "precision": 0.9965870307167235,
      "recall": 0.9931972789115646,
      "f1": 0.9948892674616695
    }
  },
  "confusion_matrix": [
    [
      400,
      0,
      0,
      0,
      0,
      0,
      3,
      0,
      0,
      0,
      1,
      0,
      0,
      0,
      0,
      5,
      0,
      0
    ],
    [
      8,
      64,
      1,
      12,
      0,
      0,
      11,
      0,
      0,
      0,
      25,
      0,
      0,
      0,
      0,
      9,
      0,
      1
    ],
    [
      0,
      0,
      492,
      28,
      0,
      1,
      0,
      0,
      0,
      0,
      0,
      1,
      0,
      0,
      0,
      1,
      0,
      0
    ],
    [
      0,
      0,
      21,
      618,
      0,
      0,
      0,
      0,
      0,
      0,
      0,
      0,
      0,
      0,
      0,
      2,
      0,
      0
    ],
    [
      0,
      0,
      0,
      0,
      1783,
      0,
      0,
      0,
      0,
      0,
      0,
      0,
      0,
      0,
      0,
      0,
      0,
      0
    ],
    [
      0,
      0,
      0,
      1,
      0,
      114,
      0,
      0,
      0,
      1,
      0,
      0,
      0,
      0,
      1,
      0,
      0,
      0
    ],
    [
      0,
      42,
      0,
      0,
      0,
      0,
      1327,
      1,
      0,
      0,
      0,
      1,
      0,
      0,
      0,
      22,
      0,
      0
    ],
    [
      0,
      0,
      0,
      0,
      0,
      0,
      1,
      261,
      0,
      0,
      0,
      0,
      0,
      0,
      0,
      0,
      0,
      0
    ],
    [
      0,
      0,
      0,
      0,
      0,
      0,
      0,
      0,
      53,
      0,
      0,
      0,
      0,
      0,
      0,
      0,
      0,
      0
    ],
    [
      0,
      0,
      0,
      1,
      0,
      0,
      0,
      0,
      0,
      58,
      0,
      0,
      0,
      0,
      0,
      0,
      0,
      0
    ],
    [
      1,
      12,
      2,
      7,
      0,
      1,
      12,
      0,
      0,
      27,
      95,
      4,
      0,
      1,
      0,
      58,
      4,
      0
    ],
    [
      0,
      1,
      0,
      0,
      0,
      0,
      0,
      0,
      0,
      0,
      0,
      978,
      0,
      0,
      0,
      0,
      0,
      0
    ],
    [
      0,
      0,
      0,
      0,
      0,
      0,
      0,
      0,
      0,
      0,
      1,
      0,
      188,
      0,
      0,
      0,
      0,
      0
    ],
    [
      0,
      0,
      0,
      0,
      0,
      0,
      0,
      0,
      0,
      0,
      1,
      0,
      0,
      80,
      0,
      0,
      0,
      0
    ],
    [
      0,
      0,
      0,
      0,
      0,
      0,
      0,
      0,
      0,
      2,
      2,
      0,
      0,
      0,
      12,
      0,
      0,
      0
    ],
    [
      4,
      2,
      4,
      0,
      0,
      0,
      5,
      0,
      0,
      0,
      2,
      0,
      0,
      0,
      0,
      5900,
      0,
      0
    ],
    [
      0,
      0,
      0,
      0,
      0,
      0,
      0,
      0,
      0,
      0,
      0,
      0,
      0,
      0,
      0,
      0,
      50,
      0
    ],
    [
      0,
      0,
      0,
      0,
      0,
      0,
      0,
      0,
      0,
      0,
      0,
      0,
      0,
      0,
      0,
      2,
      0,
      292
    ]
  ],
  "time_costs": {
    "feature_construction_time": 176.948956489563,
    "train_time": 3.7951784000033513,
    "inference_time_total": 0.058192199998302385,
    "inference_time_per_sample": 4.43504306061294e-06
  }
}