{
  "accuracy": 0.9593323930418429,
  "macro_f1": 0.8338874170200081,
  "weighted_f1": 0.958825425410233,
  "macro_precision": 0.843954656764102,
  "macro_recall": 0.8423711231830943,
  "per_class": {
    "Amazon Echo": {
      "precision": 0.989247311827957,
      "recall": 0.989247311827957,
      "f1": 0.989247311827957
    },
    "Android Phone 2": {
      "precision": 0.625,
      "recall": 0.5555555555555556,
      "f1": 0.5882352941176471
    },
    "Belkin Wemo switch": {
      "precision": 0.5934959349593496,
      "recall": 0.7087378640776699,
      "f1": 0.6460176991150443
    },
    "Belkin wemo motion sensor": {
      "precision": 0.6666666666666666,
      "recall": 0.5714285714285714,
      "f1": 0.6153846153846154
    },
    "Dropcam": {
      "precision": 0.9989417989417989,
      "recall": 1.0,
      "f1": 0.9994706193753309
    },
    "HP Printer": {
      "precision": 0.8811881188118812,
      "recall": 0.8640776699029126,
      "f1": 0.8725490196078431
    },
    "Laptop": {
      "precision": 0.8461538461538461,
      "recall": 0.6875,
      "f1": 0.7586206896551724
    },
    "Netatmo Welcome": {
      "precision": 0.9733009708737864,
      "recall": 0.9828431372549019,
      "f1": 0.9780487804878049
    },
    "Netatmo weather station": {
      "precision": 1.0,
      "recall": 1.0,
      "f1": 1.0
    },
    "PIX-STAR Photo-frame": {
      "precision": 0.65,
      "recall": 0.35135135135135137,
      "f1": 0.45614035087719296
    },
    "Samsung Galaxy Tab": {
      "precision": 0.6119402985074627,
      "recall": 0.7068965517241379,
      "f1": 0.656
    },
    "Samsung SmartCam": {
      "precision": 0.9594594594594594,
      "recall": 0.9466666666666667,
      "f1": 0.9530201342281879
    },
    "Smart Things": {
      "precision": 1.0,
      "recall": 1.0,
      "f1": 1.0
    },
    "TP-Link Day Night Cloud camera": {
      "precision": 0.9333333333333333,
      "recall": 0.8076923076923077,
      "f1": 0.865979381443299
    },
    "TP-Link Smart plug": {
      "precision": 0.47058823529411764,
      "recall": 1.0,
      "f1": 0.64
    },
    "TPLink Router Bridge LAN": {
      "precision": 0.9949928469241774,
      "recall": 1.0,
      "f1": 0.9974901398350663
    },
    "Triby Speaker": {
      "precision": 1.0,
      "recall": 1.0,
      "f1": 1.0
    },
    "Withings Smart Baby Monitor": {
      "precision": 0.996875,
      "recall": 0.9906832298136646,
      "f1": 0.9937694704049844
    }
  },
  "confusion_matrix": [
    [
      276,
      1,
      0,
      0,
      0,
      0,
      1,
      0,
      0,
      0,
      1,
      0,
      0,
      0,
      0,
      0,
      0,
      0
    ],
    [
      0,
      5,
      0,
      0,
      0,
      0,
      0,
      1,
      0,
      0,
      1,
      0,
      0,
      0,
      0,
      2,
      0,
      0
    ],
    [
      0,
      0,
      73,
      24,
      0,
      3,
      0,
      1,
      0,
      0,
      0,
      1,
      0,
      1,
      0,
      0,
      0,
      0
    ],
    [
      0,
      0,
      40,
      64,
      0,
      4,
      0,
      2,
      0,
      0,
      0,
      0,
      0,
      2,
      0,
      0,
      0,
      0
    ],
    [
      0,
      0,
      0,
      0,
      944,
      0,
      0,
      0,
      0,
      0,
      0,
      0,
      0,
      0,
      0,
      0,
      0,
      0
    ],
    [
      0,
      0,
      4,
      2,
      0,
      89,
      1,
      2,
      0,
      5,
      0,
      0,
      0,
      0,
      0,
      0,
      0,
      0
    ],
    [
      0,
      2,
      0,
      0,
      0,
      0,
      11,
      0,
      0,
      0,
      0,
      0,
      0,
      0,
      0,
      3,
      0,
      0
    ],
    [
      2,
      0,
      1,
      1,
      0,
      0,
      0,
      401,
      0,
      0,
      2,
      1,
      0,
      0,
      0,
      0,
      0,
      0
    ],
    [
      0,
      0,
      0,
      0,
      0,
      0,
      0,
      0,
      45,
      0,
      0,
      0,
      0,
      0,
      0,
      0,
      0,
      0
    ],
    [
      0,
      0,
      1,
      3,
      0,
      0,
      0,
      1,
      0,
      13,
      19,
      0,
      0,
      0,
      0,
      0,
      0,
      0
    ],
    [
      1,
      0,
      0,
      0,
      1,
      0,
      0,
      1,
      0,
      2,
      41,
      0,
      0,
      0,
      9,
      2,
      0,
      1
    ],
    [
      0,
      0,
      2,
      0,
      0,
      4,
      0,
      2,
      0,
      0,
      0,
      142,
      0,
      0,
      0,
      0,
      0,
      0
    ],
    [
      0,
      0,
      0,
      0,
      0,
      0,
      0,
      0,
      0,
      0,
      0,
      0,
      194,
      0,
      0,
      0,
      0,
      0
    ],
    [
      0,
      0,
      2,
      2,
      0,
      1,
      0,
      1,
      0,
      0,
      0,
      4,
      0,
      42,
      0,
      0,
      0,
      0
    ],
    [
      0,
      0,
      0,
      0,
      0,
      0,
      0,
      0,
      0,
      0,
      0,
      0,
      0,
      0,
      8,
      0,
      0,
      0
    ],
    [
      0,
      0,
      0,
      0,
      0,
      0,
      0,
      0,
      0,
      0,
      0,
      0,
      0,
      0,
      0,
      1391,
      0,
      0
    ],
    [
      0,
      0,
      0,
      0,
      0,
      0,
      0,
      0,
      0,
      0,
      0,
      0,
      0,
      0,
      0,
      0,
      23,
      0
    ],
    [
      0,
      0,
      0,
      0,
      0,
      0,
      0,
      0,
      0,
      0,
      3,
      0,
      0,
      0,
      0,
      0,
      0,
      319
    ]
  ],
  "time_costs": {
    "feature_construction_time": 51.22639489173889,
    "train_time": 0.3363299999909941,
    "inference_time_total": 0.030548600014299154,
    "inference_time_per_sample": 7.181147158979585e-06
  }
}