{
  "accuracy": 0.20561444186816827,
  "macro_f1": 0.1376835464553601,
  "weighted_f1": 0.13769357764873683,
  "macro_precision": 0.1581260814450988,
  "macro_recall": 0.2055181260803332,
  "per_class": {
    "class_0": {
      "precision": 0.0,
      "recall": 0.0,
      "f1": 0.0
    },
    "class_1": {
      "precision": 0.1519023220320506,
      "recall": 0.8069261060921936,
      "f1": 0.2556744160443311
    },
    "class_2": {
      "precision": 0.6183228886899433,
      "recall": 0.24037122969837588,
      "f1": 0.3461699106173252
    },
    "class_3": {
      "precision": 0.0,
      "recall": 0.0,
      "f1": 0.0
    },
    "class_4": {
      "precision": 0.3366573593936976,
      "recall": 0.39132954677176307,
      "f1": 0.3619404985258644
    },
    "class_5": {
      "precision": 0.0,
      "recall": 0.0,
      "f1": 0.0
    },
    "class_6": {
      "precision": 0.0,
      "recall": 0.0,
      "f1": 0.0
    }
  },
  "confusion_matrix": [
    [
      0,
      8227,
      292,
      0,
      100,
      7,
      9
    ],
    [
      0,
      6967,
      322,
      0,
      1277,
      0,
      68
    ],
    [
      0,
      5989,
      2072,
      0,
      250,
      0,
      309
    ],
    [
      0,
      8066,
      541,
      0,
      0,
      0,
      28
    ],
    [
      0,
      5251,
      0,
      0,
      3376,
      0,
      0
    ],
    [
      0,
      7493,
      38,
      0,
      378,
      0,
      715
    ],
    [
      0,
      3872,
      86,
      0,
      4647,
      0,
      0
    ]
  ],
  "time_costs": {
    "train_time": 3.6231638999888673,
    "inference_time_total": 0.27851830000872724,
    "inference_time_per_sample": 4.612757535752356e-06
  }
}