{
  "accuracy": 0.929670609182246,
  "macro_f1": 0.904995585095194,
  "weighted_f1": 0.9284111284384852,
  "macro_precision": 0.8968569799990601,
  "macro_recall": 0.9199737866849831,
  "per_class": {
    "Amazon Echo": {
      "precision": 0.9250180245133381,
      "recall": 0.9797632684230623,
      "f1": 0.9516039310216948
    },
    "Android Phone 2": {
      "precision": 0.5131578947368421,
      "recall": 0.78,
      "f1": 0.6190476190476191
    },
    "Belkin Wemo switch": {
      "precision": 0.5344129554655871,
      "recall": 0.6974286720676295,
      "f1": 0.6051344743276283
    },
    "Belkin wemo motion sensor": {
      "precision": 0.5924265072247135,
      "recall": 0.39966386554621847,
      "f1": 0.47731834604576473
    },
    "Dropcam": {
      "precision": 0.9997365648050579,
      "recall": 1.0,
      "f1": 0.9998682650507179
    },
    "HP Printer": {
      "precision": 0.9656708595387841,
      "recall": 0.9475443558755464,
      "f1": 0.9565217391304348
    },
    "Laptop": {
      "precision": 0.9156626506024096,
      "recall": 1.0,
      "f1": 0.9559748427672956
    },
    "Netatmo Welcome": {
      "precision": 0.9819970692903496,
      "recall": 0.9565660685154975,
      "f1": 0.9691147608718108
    },
    "Netatmo weather station": {
      "precision": 1.0,
      "recall": 1.0,
      "f1": 1.0
    },
    "PIX-STAR Photo-frame": {
      "precision": 0.8954081632653061,
      "recall": 0.9538043478260869,
      "f1": 0.9236842105263158
    },
    "Samsung Galaxy Tab": {
      "precision": 0.9913962264150944,
      "recall": 0.9549287583599884,
      "f1": 0.9728208546248982
    },
    "Samsung SmartCam": {
      "precision": 0.9463109354413702,
      "recall": 0.9653897849462365,
      "f1": 0.9557551563539588
    },
    "Smart Things": {
      "precision": 1.0,
      "recall": 1.0,
      "f1": 1.0
    },
    "TP-Link Day Night Cloud camera": {
      "precision": 0.9112718964204113,
      "recall": 0.9250096637031311,
      "f1": 0.9180893919048533
    },
    "TP-Link Smart plug": {
      "precision": 0.9711355867831372,
      "recall": 0.9996090695856138,
      "f1": 0.985166634559815
    },
    "TPLink Router Bridge LAN": {
      "precision": 0.9998203054806828,
      "recall": 0.9998203054806828,
      "f1": 0.9998203054806828
    },
    "Triby Speaker": {
      "precision": 1.0,
      "recall": 1.0,
      "f1": 1.0
    },
    "Withings Smart Baby Monitor": {
      "precision": 1.0,
      "recall": 1.0,
      "f1": 1.0
    }
  },
  "confusion_matrix": [
    [
      2566,
      0,
      0,
      0,
      0,
      0,
      0,
      51,
      0,
      0,
      2,
      0,
      0,
      0,
      0,
      0,
      0,
      0
    ],
    [
      0,
      39,
      0,
      0,
      0,
      0,
      0,
      0,
      0,
      0,
      11,
      0,
      0,
      0,
      0,
      0,
      0,
      0
    ],
    [
      0,
      3,
      1980,
      640,
      0,
      57,
      1,
      9,
      0,
      49,
      1,
      24,
      0,
      75,
      0,
      0,
      0,
      0
    ],
    [
      0,
      0,
      1528,
      1189,
      0,
      22,
      2,
      12,
      0,
      45,
      19,
      19,
      0,
      139,
      0,
      0,
      0,
      0
    ],
    [
      0,
      0,
      0,
      0,
      3795,
      0,
      0,
      0,
      0,
      0,
      0,
      0,
      0,
      0,
      0,
      0,
      0,
      0
    ],
    [
      0,
      0,
      9,
      27,
      0,
      3685,
      3,
      5,
      0,
      129,
      10,
      21,
      0,
      0,
      0,
      0,
      0,
      0
    ],
    [
      0,
      0,
      0,
      0,
      0,
      0,
      76,
      0,
      0,
      0,
      0,
      0,
      0,
      0,
      0,
      0,
      0,
      0
    ],
    [
      90,
      4,
      29,
      11,
      0,
      8,
      0,
      4691,
      0,
      23,
      12,
      36,
      0,
      0,
      0,
      0,
      0,
      0
    ],
    [
      0,
      0,
      0,
      0,
      0,
      0,
      0,
      0,
      2361,
      0,
      0,
      0,
      0,
      0,
      0,
      0,
      0,
      0
    ],
    [
      0,
      0,
      63,
      38,
      0,
      18,
      0,
      0,
      0,
      2808,
      2,
      15,
      0,
      0,
      0,
      0,
      0,
      0
    ],
    [
      118,
      30,
      1,
      2,
      1,
      1,
      0,
      0,
      0,
      80,
      6568,
      0,
      0,
      0,
      76,
      1,
      0,
      0
    ],
    [
      0,
      0,
      18,
      30,
      0,
      25,
      0,
      9,
      0,
      2,
      0,
      2873,
      0,
      19,
      0,
      0,
      0,
      0
    ],
    [
      0,
      0,
      0,
      0,
      0,
      0,
      0,
      0,
      0,
      0,
      0,
      0,
      2755,
      0,
      0,
      0,
      0,
      0
    ],
    [
      0,
      0,
      77,
      70,
      0,
      0,
      0,
      0,
      0,
      0,
      0,
      47,
      0,
      2393,
      0,
      0,
      0,
      0
    ],
    [
      0,
      0,
      0,
      0,
      0,
      0,
      0,
      0,
      0,
      0,
      0,
      1,
      0,
      0,
      2557,
      0,
      0,
      0
    ],
    [
      0,
      0,
      0,
      0,
      0,
      0,
      1,
      0,
      0,
      0,
      0,
      0,
      0,
      0,
      0,
      5564,
      0,
      0
    ],
    [
      0,
      0,
      0,
      0,
      0,
      0,
      0,
      0,
      0,
      0,
      0,
      0,
      0,
      0,
      0,
      0,
      2586,
      0
    ],
    [
      0,
      0,
      0,
      0,
      0,
      0,
      0,
      0,
      0,
      0,
      0,
      0,
      0,
      0,
      0,
      0,
      0,
      2684
    ]
  ],
  "time_costs": {
    "feature_construction_time": 319.54139161109924,
    "train_time": 2.5275363999971887,
    "inference_time_total": 0.21876449999399483,
    "inference_time_per_sample": 3.974573499645625e-06
  }
}