{
  "accuracy": 0.9283792627063187,
  "macro_f1": 0.9076596539860804,
  "weighted_f1": 0.927389695759757,
  "macro_precision": 0.9030388348496099,
  "macro_recall": 0.9170697263642443,
  "per_class": {
    "Amazon Echo": {
      "precision": 0.9255014326647565,
      "recall": 0.9877675840978594,
      "f1": 0.9556213017751479
    },
    "Android Phone 2": {
      "precision": 0.5625,
      "recall": 0.75,
      "f1": 0.6428571428571429
    },
    "Belkin Wemo switch": {
      "precision": 0.5242195909580194,
      "recall": 0.68688293370945,
      "f1": 0.5946275946275946
    },
    "Belkin wemo motion sensor": {
      "precision": 0.5778210116731517,
      "recall": 0.3997308209959623,
      "f1": 0.47255369928400953
    },
    "Dropcam": {
      "precision": 0.9989462592202318,
      "recall": 1.0,
      "f1": 0.9994728518713759
    },
    "HP Printer": {
      "precision": 0.9572916666666667,
      "recall": 0.9454732510288066,
      "f1": 0.9513457556935818
    },
    "Laptop": {
      "precision": 1.0,
      "recall": 1.0,
      "f1": 1.0
    },
    "Netatmo Welcome": {
      "precision": 0.9881656804733728,
      "recall": 0.9535073409461664,
      "f1": 0.9705271897052719
    },
    "Netatmo weather station": {
      "precision": 1.0,
      "recall": 1.0,
      "f1": 1.0
    },
    "PIX-STAR Photo-frame": {
      "precision": 0.8943298969072165,
      "recall": 0.9429347826086957,
      "f1": 0.917989417989418
    },
    "Samsung Galaxy Tab": {
      "precision": 0.9897590361445783,
      "recall": 0.9557882489819662,
      "f1": 0.9724770642201835
    },
    "Samsung SmartCam": {
      "precision": 0.9507978723404256,
      "recall": 0.9610215053763441,
      "f1": 0.9558823529411765
    },
    "Smart Things": {
      "precision": 1.0,
      "recall": 1.0,
      "f1": 1.0
    },
    "TP-Link Day Night Cloud camera": {
      "precision": 0.9142419601837672,
      "recall": 0.9241486068111455,
      "f1": 0.9191685912240185
    },
    "TP-Link Smart plug": {
      "precision": 0.9711246200607903,
      "recall": 1.0,
      "f1": 0.9853508095605242
    },
    "TPLink Router Bridge LAN": {
      "precision": 1.0,
      "recall": 1.0,
      "f1": 1.0
    },
    "Triby Speaker": {
      "precision": 1.0,
      "recall": 1.0,
      "f1": 1.0
    },
    "Withings Smart Baby Monitor": {
      "precision": 1.0,
      "recall": 1.0,
      "f1": 1.0
    }
  },
  "confusion_matrix": [
    [
      646,
      0,
      0,
      0,
      0,
      0,
      0,
      7,
      0,
      0,
      1,
      0,
      0,
      0,
      0,
      0,
      0,
      0
    ],
    [
      0,
      9,
      0,
      0,
      0,
      0,
      0,
      0,
      0,
      0,
      3,
      0,
      0,
      0,
      0,
      0,
      0,
      0
    ],
    [
      0,
      1,
      487,
      168,
      0,
      16,
      0,
      2,
      0,
      12,
      0,
      6,
      0,
      17,
      0,
      0,
      0,
      0
    ],
    [
      0,
      0,
      385,
      297,
      0,
      6,
      0,
      3,
      0,
      11,
      4,
      2,
      0,
      35,
      0,
      0,
      0,
      0
    ],
    [
      0,
      0,
      0,
      0,
      948,
      0,
      0,
      0,
      0,
      0,
      0,
      0,
      0,
      0,
      0,
      0,
      0,
      0
    ],
    [
      0,
      0,
      4,
      7,
      0,
      919,
      0,
      1,
      0,
      33,
      4,
      4,
      0,
      0,
      0,
      0,
      0,
      0
    ],
    [
      0,
      0,
      0,
      0,
      0,
      0,
      19,
      0,
      0,
      0,
      0,
      0,
      0,
      0,
      0,
      0,
      0,
      0
    ],
    [
      19,
      1,
      12,
      6,
      0,
      2,
      0,
      1169,
      0,
      6,
      3,
      8,
      0,
      0,
      0,
      0,
      0,
      0
    ],
    [
      0,
      0,
      0,
      0,
      0,
      0,
      0,
      0,
      590,
      0,
      0,
      0,
      0,
      0,
      0,
      0,
      0,
      0
    ],
    [
      2,
      2,
      17,
      9,
      0,
      6,
      0,
      0,
      0,
      694,
      1,
      5,
      0,
      0,
      0,
      0,
      0,
      0
    ],
    [
      30,
      3,
      0,
      1,
      1,
      2,
      0,
      0,
      0,
      20,
      1643,
      0,
      0,
      0,
      19,
      0,
      0,
      0
    ],
    [
      0,
      0,
      5,
      9,
      0,
      9,
      0,
      1,
      0,
      0,
      1,
      715,
      0,
      4,
      0,
      0,
      0,
      0
    ],
    [
      0,
      0,
      0,
      0,
      0,
      0,
      0,
      0,
      0,
      0,
      0,
      0,
      688,
      0,
      0,
      0,
      0,
      0
    ],
    [
      1,
      0,
      19,
      17,
      0,
      0,
      0,
      0,
      0,
      0,
      0,
      12,
      0,
      597,
      0,
      0,
      0,
      0
    ],
    [
      0,
      0,
      0,
      0,
      0,
      0,
      0,
      0,
      0,
      0,
      0,
      0,
      0,
      0,
      639,
      0,
      0,
      0
    ],
    [
      0,
      0,
      0,
      0,
      0,
      0,
      0,
      0,
      0,
      0,
      0,
      0,
      0,
      0,
      0,
      1391,
      0,
      0
    ],
    [
      0,
      0,
      0,
      0,
      0,
      0,
      0,
      0,
      0,
      0,
      0,
      0,
      0,
      0,
      0,
      0,
      646,
      0
    ],
    [
      0,
      0,
      0,
      0,
      0,
      0,
      0,
      0,
      0,
      0,
      0,
      0,
      0,
      0,
      0,
      0,
      0,
      671
    ]
  ],
  "time_costs": {
    "feature_construction_time": 84.37842798233032,
    "train_time": 0.5485092000017175,
    "inference_time_total": 0.07376759999897331,
    "inference_time_per_sample": 5.363746091687146e-06
  }
}