device,precision,recall,f1
Amazon Echo,1.0,1.0,1.0
Android Phone 2,0.9505703422053232,0.984251968503937,0.9671179883945842
Belkin Wemo switch,1.0,1.0,1.0
Belkin wemo motion sensor,0.994535519125683,1.0,0.9972602739726028
Dropcam,1.0,1.0,1.0
HP Printer,0.9912280701754386,1.0,0.9955947136563876
Laptop,1.0,1.0,1.0
Netatmo Welcome,1.0,1.0,1.0
Netatmo weather station,1.0,1.0,1.0
PIX-STAR Photo-frame,1.0,1.0,1.0
Samsung Galaxy Tab,0.9894179894179894,0.85,0.9144254278728606
Samsung SmartCam,1.0,1.0,1.0
Smart Things,0.9111111111111111,1.0,0.9534883720930233
TP-Link Day Night Cloud camera,1.0,1.0,1.0
TP-Link Smart plug,0.96,1.0,0.9795918367346939
TPLink Router Bridge LAN,1.0,0.9999154405547099,0.9999577184897045
Triby Speaker,0.9583333333333334,1.0,0.9787234042553191
Withings Smart Baby Monitor,0.9931506849315068,1.0,0.9965635738831615
