{
  "accuracy": 0.9679689395777724,
  "macro_f1": 0.8987382681342839,
  "weighted_f1": 0.9680004735685962,
  "macro_precision": 0.8948797427641577,
  "macro_recall": 0.9083807743485401,
  "per_class": {
    "Amazon Echo": {
      "precision": 0.9961977186311787,
      "recall": 0.9961977186311787,
      "f1": 0.9961977186311787
    },
    "Android Phone 2": {
      "precision": 0.6428571428571429,
      "recall": 0.9,
      "f1": 0.75
    },
    "Belkin Wemo switch": {
      "precision": 0.58984375,
      "recall": 0.7259615384615384,
      "f1": 0.6508620689655172
    },
    "Belkin wemo motion sensor": {
      "precision": 0.6702702702702703,
      "recall": 0.5486725663716814,
      "f1": 0.6034063260340633
    },
    "Dropcam": {
      "precision": 1.0,
      "recall": 1.0,
      "f1": 1.0
    },
    "HP Printer": {
      "precision": 0.8719211822660099,
      "recall": 0.9076923076923077,
      "f1": 0.8894472361809045
    },
    "Laptop": {
      "precision": 0.7837837837837838,
      "recall": 0.8529411764705882,
      "f1": 0.8169014084507042
    },
    "Netatmo Welcome": {
      "precision": 0.9859154929577465,
      "recall": 0.9807355516637478,
      "f1": 0.9833187006145742
    },
    "Netatmo weather station": {
      "precision": 1.0,
      "recall": 1.0,
      "f1": 1.0
    },
    "PIX-STAR Photo-frame": {
      "precision": 0.8,
      "recall": 0.9032258064516129,
      "f1": 0.8484848484848485
    },
    "Samsung Galaxy Tab": {
      "precision": 0.9191919191919192,
      "recall": 0.8125,
      "f1": 0.8625592417061612
    },
    "Samsung SmartCam": {
      "precision": 0.9490445859872612,
      "recall": 0.9581993569131833,
      "f1": 0.9536
    },
    "Smart Things": {
      "precision": 1.0,
      "recall": 1.0,
      "f1": 1.0
    },
    "TP-Link Day Night Cloud camera": {
      "precision": 0.9404761904761905,
      "recall": 0.7669902912621359,
      "f1": 0.8449197860962567
    },
    "TP-Link Smart plug": {
      "precision": 0.9583333333333334,
      "recall": 1.0,
      "f1": 0.9787234042553191
    },
    "TPLink Router Bridge LAN": {
      "precision": 1.0,
      "recall": 0.9992808342322905,
      "f1": 0.9996402877697842
    },
    "Triby Speaker": {
      "precision": 1.0,
      "recall": 1.0,
      "f1": 1.0
    },
    "Withings Smart Baby Monitor": {
      "precision": 1.0,
      "recall": 0.9984567901234568,
      "f1": 0.9992277992277993
    }
  },
  "confusion_matrix": [
    [
      524,
      0,
      0,
      0,
      0,
      0,
      0,
      0,
      0,
      0,
      2,
      0,
      0,
      0,
      0,
      0,
      0,
      0
    ],
    [
      0,
      18,
      0,
      0,
      0,
      0,
      1,
      0,
      0,
      0,
      1,
      0,
      0,
      0,
      0,
      0,
      0,
      0
    ],
    [
      0,
      0,
      151,
      49,
      0,
      1,
      0,
      1,
      0,
      1,
      0,
      3,
      0,
      2,
      0,
      0,
      0,
      0
    ],
    [
      0,
      0,
      91,
      124,
      0,
      5,
      0,
      2,
      0,
      3,
      0,
      0,
      0,
      1,
      0,
      0,
      0,
      0
    ],
    [
      0,
      0,
      0,
      0,
      1889,
      0,
      0,
      0,
      0,
      0,
      0,
      0,
      0,
      0,
      0,
      0,
      0,
      0
    ],
    [
      0,
      0,
      1,
      3,
      0,
      177,
      1,
      0,
      0,
      8,
      0,
      4,
      0,
      1,
      0,
      0,
      0,
      0
    ],
    [
      0,
      4,
      0,
      0,
      0,
      0,
      29,
      0,
      0,
      0,
      1,
      0,
      0,
      0,
      0,
      0,
      0,
      0
    ],
    [
      1,
      0,
      3,
      4,
      0,
      0,
      0,
      560,
      0,
      1,
      0,
      2,
      0,
      0,
      0,
      0,
      0,
      0
    ],
    [
      0,
      0,
      0,
      0,
      0,
      0,
      0,
      0,
      99,
      0,
      0,
      0,
      0,
      0,
      0,
      0,
      0,
      0
    ],
    [
      0,
      0,
      3,
      2,
      0,
      1,
      0,
      0,
      0,
      56,
      0,
      0,
      0,
      0,
      0,
      0,
      0,
      0
    ],
    [
      1,
      6,
      0,
      1,
      0,
      0,
      6,
      2,
      0,
      1,
      91,
      2,
      0,
      1,
      1,
      0,
      0,
      0
    ],
    [
      0,
      0,
      1,
      1,
      0,
      9,
      0,
      2,
      0,
      0,
      0,
      298,
      0,
      0,
      0,
      0,
      0,
      0
    ],
    [
      0,
      0,
      0,
      0,
      0,
      0,
      0,
      0,
      0,
      0,
      0,
      0,
      401,
      0,
      0,
      0,
      0,
      0
    ],
    [
      0,
      0,
      6,
      1,
      0,
      10,
      0,
      0,
      0,
      0,
      2,
      5,
      0,
      79,
      0,
      0,
      0,
      0
    ],
    [
      0,
      0,
      0,
      0,
      0,
      0,
      0,
      0,
      0,
      0,
      0,
      0,
      0,
      0,
      23,
      0,
      0,
      0
    ],
    [
      0,
      0,
      0,
      0,
      0,
      0,
      0,
      1,
      0,
      0,
      1,
      0,
      0,
      0,
      0,
      2779,
      0,
      0
    ],
    [
      0,
      0,
      0,
      0,
      0,
      0,
      0,
      0,
      0,
      0,
      0,
      0,
      0,
      0,
      0,
      0,
      33,
      0
    ],
    [
      0,
      0,
      0,
      0,
      0,
      0,
      0,
      0,
      0,
      0,
      1,
      0,
      0,
      0,
      0,
      0,
      0,
      647
    ]
  ],
  "time_costs": {
    "feature_construction_time": 98.59222865104675,
    "train_time": 2.5215700999833643,
    "inference_time_total": 0.039940200018463656,
    "inference_time_per_sample": 4.845935454800249e-06
  }
}