{
  "accuracy": 0.21523291397483849,
  "macro_f1": 0.08263908258172943,
  "weighted_f1": 0.09711719826058852,
  "macro_precision": 0.05551777080761644,
  "macro_recall": 0.1707748693915541,
  "per_class": {
    "Amazon Echo": {
      "precision": 0.0,
      "recall": 0.0,
      "f1": 0.0
    },
    "Dropcam": {
      "precision": 0.0,
      "recall": 0.0,
      "f1": 0.0
    },
    "HP Printer": {
      "precision": 0.009523809523809525,
      "recall": 0.014354066985645933,
      "f1": 0.011450381679389313
    },
    "Laptop": {
      "precision": 0.0,
      "recall": 0.0,
      "f1": 0.0
    },
    "Netatmo Welcome": {
      "precision": 0.01875,
      "recall": 0.009868421052631578,
      "f1": 0.01293103448275862
    },
    "Netatmo weather station": {
      "precision": 0.0,
      "recall": 0.0,
      "f1": 0.0
    },
    "PIX-STAR Photo-frame": {
      "precision": 0.3236994219653179,
      "recall": 0.9333333333333333,
      "f1": 0.48068669527896996
    },
    "Samsung SmartCam": {
      "precision": 0.2587222473946534,
      "recall": 0.9209677419354839,
      "f1": 0.4039617969579059
    },
    "TP-Link Day Night Cloud camera": {
      "precision": 0.0,
      "recall": 0.0,
      "f1": 0.0
    },
    "TP-Link Smart plug": {
      "precision": 0.0,
      "recall": 0.0,
      "f1": 0.0
    },
    "Triby Speaker": {
      "precision": 0.0,
      "recall": 0.0,
      "f1": 0.0
    }
  },
  "confusion_matrix": [
    [
      0,
      0,
      0,
      0,
      1,
      0,
      0,
      1254,
      0,
      0,
      0
    ],
    [
      0,
      0,
      0,
      0,
      0,
      0,
      0,
      0,
      0,
      0,
      0
    ],
    [
      0,
      0,
      3,
      0,
      79,
      26,
      38,
      63,
      0,
      0,
      0
    ],
    [
      0,
      0,
      0,
      0,
      0,
      0,
      0,
      0,
      0,
      0,
      0
    ],
    [
      0,
      3,
      1,
      0,
      3,
      2,
      2,
      293,
      0,
      0,
      0
    ],
    [
      0,
      0,
      311,
      0,
      70,
      0,
      15,
      22,
      4,
      0,
      0
    ],
    [
      0,
      0,
      0,
      0,
      0,
      1,
      56,
      0,
      0,
      2,
      1
    ],
    [
      0,
      29,
      0,
      14,
      5,
      1,
      0,
      571,
      0,
      0,
      0
    ],
    [
      0,
      0,
      0,
      0,
      2,
      0,
      62,
      4,
      0,
      1,
      2
    ],
    [
      0,
      0,
      0,
      0,
      0,
      0,
      0,
      0,
      0,
      0,
      0
    ],
    [
      0,
      0,
      0,
      0,
      0,
      0,
      0,
      0,
      0,
      0,
      0
    ]
  ],
  "time_costs": {
    "inference_time_total": 0.6647416999912821,
    "inference_time_per_sample": 0.0002260257395414084
  }
}