{
  "accuracy": 0.1366723259762309,
  "macro_f1": 0.05466891166646467,
  "weighted_f1": 0.052474080212588974,
  "macro_precision": 0.03560420100738442,
  "macro_recall": 0.1334569346864429,
  "per_class": {
    "Amazon Echo": {
      "precision": 0.0,
      "recall": 0.0,
      "f1": 0.0
    },
    "Android Phone 2": {
      "precision": 0.0,
      "recall": 0.0,
      "f1": 0.0
    },
    "Belkin wemo motion sensor": {
      "precision": 0.0,
      "recall": 0.0,
      "f1": 0.0
    },
    "Dropcam": {
      "precision": 0.0,
      "recall": 0.0,
      "f1": 0.0
    },
    "HP Printer": {
      "precision": 0.3261802575107296,
      "recall": 0.9047619047619048,
      "f1": 0.4794952681388013
    },
    "Laptop": {
      "precision": 0.0,
      "recall": 0.0,
      "f1": 0.0
    },
    "Netatmo Welcome": {
      "precision": 0.10107015457788347,
      "recall": 0.6967213114754098,
      "f1": 0.17653167185877466
    },
    "Netatmo weather station": {
      "precision": 0.0,
      "recall": 0.0,
      "f1": 0.0
    },
    "PIX-STAR Photo-frame": {
      "precision": 0.0,
      "recall": 0.0,
      "f1": 0.0
    },
    "Samsung SmartCam": {
      "precision": 0.0,
      "recall": 0.0,
      "f1": 0.0
    },
    "TP-Link Day Night Cloud camera": {
      "precision": 0.0,
      "recall": 0.0,
      "f1": 0.0
    },
    "Withings Smart Baby Monitor": {
      "precision": 0.0,
      "recall": 0.0,
      "f1": 0.0
    }
  },
  "confusion_matrix": [
    [
      0,
      1,
      4,
      43,
      7,
      1,
      428,
      0,
      0,
      0,
      0,
      18
    ],
    [
      0,
      0,
      0,
      0,
      0,
      0,
      0,
      0,
      0,
      0,
      0,
      0
    ],
    [
      0,
      0,
      0,
      0,
      0,
      0,
      0,
      0,
      0,
      0,
      0,
      0
    ],
    [
      0,
      0,
      0,
      0,
      0,
      0,
      0,
      0,
      0,
      0,
      0,
      0
    ],
    [
      0,
      0,
      0,
      0,
      76,
      0,
      8,
      0,
      0,
      0,
      0,
      0
    ],
    [
      0,
      0,
      0,
      0,
      0,
      0,
      0,
      0,
      0,
      0,
      0,
      0
    ],
    [
      0,
      0,
      6,
      7,
      21,
      0,
      85,
      0,
      0,
      1,
      0,
      2
    ],
    [
      0,
      0,
      0,
      0,
      9,
      0,
      160,
      0,
      0,
      0,
      0,
      0
    ],
    [
      0,
      0,
      0,
      0,
      23,
      0,
      1,
      0,
      0,
      0,
      0,
      0
    ],
    [
      0,
      0,
      2,
      3,
      75,
      0,
      152,
      0,
      2,
      0,
      0,
      14
    ],
    [
      0,
      0,
      0,
      0,
      22,
      0,
      7,
      0,
      0,
      0,
      0,
      0
    ],
    [
      0,
      0,
      0,
      0,
      0,
      0,
      0,
      0,
      0,
      0,
      0,
      0
    ]
  ],
  "time_costs": {
    "inference_time_total": 0.014071799989324063,
    "inference_time_per_sample": 1.194550083983367e-05
  }
}