{
  "accuracy": 0.9759582067274375,
  "macro_f1": 0.9224283553617347,
  "weighted_f1": 0.9755514070588184,
  "macro_precision": 0.9335124008723064,
  "macro_recall": 0.9149061542410915,
  "per_class": {
    "Amazon Echo": {
      "precision": 0.9736274274754255,
      "recall": 0.9912130827434709,
      "f1": 0.9823415578132559
    },
    "Android Phone 2": {
      "precision": 0.6131147540983607,
      "recall": 0.5670962850644428,
      "f1": 0.5892083497439937
    },
    "Belkin Wemo switch": {
      "precision": 0.9045721874407133,
      "recall": 0.9106187929717342,
      "f1": 0.9075854192443134
    },
    "Belkin wemo motion sensor": {
      "precision": 0.944762216048374,
      "recall": 0.9010286783042394,
      "f1": 0.9223773434383725
    },
    "Dropcam": {
      "precision": 1.0,
      "recall": 0.9999439178957995,
      "f1": 0.999971958161577
    },
    "HP Printer": {
      "precision": 0.8934977578475336,
      "recall": 0.6759966072943172,
      "f1": 0.7696764847899565
    },
    "Laptop": {
      "precision": 0.9967048710601719,
      "recall": 0.9985646619778958,
      "f1": 0.99763389976339
    },
    "Netatmo Welcome": {
      "precision": 0.846571622539036,
      "recall": 0.949371907118386,
      "f1": 0.8950296070339135
    },
    "Netatmo weather station": {
      "precision": 1.0,
      "recall": 1.0,
      "f1": 1.0
    },
    "PIX-STAR Photo-frame": {
      "precision": 0.9785867237687366,
      "recall": 0.7719594594594594,
      "f1": 0.8630783758262511
    },
    "Samsung Galaxy Tab": {
      "precision": 0.7620320855614974,
      "recall": 0.7610146862483311,
      "f1": 0.7615230460921844
    },
    "Samsung SmartCam": {
      "precision": 0.9770196396031585,
      "recall": 0.9856004901960784,
      "f1": 0.9812913065582105
    },
    "Smart Things": {
      "precision": 1.0,
      "recall": 1.0,
      "f1": 1.0
    },
    "TP-Link Day Night Cloud camera": {
      "precision": 0.9549330085261876,
      "recall": 0.9596083231334149,
      "f1": 0.9572649572649573
    },
    "TP-Link Smart plug": {
      "precision": 0.9649122807017544,
      "recall": 1.0,
      "f1": 0.9821428571428571
    },
    "TPLink Router Bridge LAN": {
      "precision": 0.9945824079682347,
      "recall": 0.9989522779505204,
      "f1": 0.9967625535358986
    },
    "Triby Speaker": {
      "precision": 1.0,
      "recall": 0.998019801980198,
      "f1": 0.9990089197224975
    },
    "Withings Smart Baby Monitor": {
      "precision": 0.9983062330623306,
      "recall": 0.9993218040013564,
      "f1": 0.9988137603795967
    }
  },
  "confusion_matrix": [
    [
      4061,
      7,
      0,
      0,
      0,
      0,
      0,
      29,
      0,
      0,
      0,
      0,
      0,
      0,
      0,
      0,
      0,
      0
    ],
    [
      9,
      748,
      1,
      0,
      0,
      0,
      0,
      7,
      0,
      0,
      530,
      18,
      0,
      0,
      0,
      1,
      0,
      5
    ],
    [
      0,
      0,
      4768,
      298,
      0,
      24,
      0,
      65,
      0,
      0,
      0,
      25,
      0,
      12,
      0,
      44,
      0,
      0
    ],
    [
      0,
      0,
      464,
      5781,
      0,
      23,
      0,
      72,
      0,
      0,
      0,
      15,
      0,
      19,
      0,
      42,
      0,
      0
    ],
    [
      1,
      0,
      0,
      0,
      17830,
      0,
      0,
      0,
      0,
      0,
      0,
      0,
      0,
      0,
      0,
      0,
      0,
      0
    ],
    [
      0,
      0,
      14,
      20,
      0,
      797,
      26,
      85,
      0,
      8,
      2,
      113,
      0,
      0,
      0,
      114,
      0,
      0
    ],
    [
      0,
      0,
      0,
      0,
      0,
      3,
      13914,
      2,
      0,
      0,
      1,
      4,
      0,
      0,
      0,
      10,
      0,
      0
    ],
    [
      73,
      2,
      0,
      3,
      0,
      3,
      0,
      2494,
      0,
      0,
      0,
      0,
      0,
      0,
      0,
      52,
      0,
      0
    ],
    [
      0,
      0,
      0,
      0,
      0,
      0,
      0,
      0,
      537,
      0,
      0,
      0,
      0,
      0,
      0,
      0,
      0,
      0
    ],
    [
      5,
      15,
      19,
      5,
      0,
      0,
      0,
      90,
      0,
      457,
      0,
      0,
      0,
      0,
      0,
      1,
      0,
      0
    ],
    [
      19,
      444,
      1,
      0,
      0,
      2,
      17,
      3,
      0,
      2,
      1710,
      17,
      0,
      1,
      2,
      29,
      0,
      0
    ],
    [
      0,
      0,
      0,
      3,
      0,
      20,
      1,
      83,
      0,
      0,
      0,
      9651,
      0,
      5,
      0,
      29,
      0,
      0
    ],
    [
      0,
      0,
      0,
      0,
      0,
      0,
      0,
      0,
      0,
      0,
      0,
      0,
      1894,
      0,
      0,
      0,
      0,
      0
    ],
    [
      0,
      0,
      0,
      0,
      0,
      0,
      0,
      0,
      0,
      0,
      0,
      33,
      0,
      784,
      0,
      0,
      0,
      0
    ],
    [
      0,
      0,
      0,
      0,
      0,
      0,
      0,
      0,
      0,
      0,
      0,
      0,
      0,
      0,
      165,
      0,
      0,
      0
    ],
    [
      2,
      4,
      4,
      9,
      0,
      20,
      2,
      15,
      0,
      0,
      1,
      1,
      0,
      0,
      4,
      59114,
      0,
      0
    ],
    [
      1,
      0,
      0,
      0,
      0,
      0,
      0,
      0,
      0,
      0,
      0,
      0,
      0,
      0,
      0,
      0,
      504,
      0
    ],
    [
      0,
      0,
      0,
      0,
      0,
      0,
      0,
      1,
      0,
      0,
      0,
      1,
      0,
      0,
      0,
      0,
      0,
      2947
    ]
  ],
  "time_costs": {
    "feature_construction_time": 4.0682806968688965,
    "train_time": 26.102670199994463,
    "inference_time_total": 0.36650179998832755,
    "inference_time_per_sample": 2.7910549601968394e-06
  }
}