{
  "accuracy": 0.1179345516362091,
  "macro_f1": 0.041660015789041834,
  "weighted_f1": 0.03066043666838565,
  "macro_precision": 0.05469251245648762,
  "macro_recall": 0.14479682015263487,
  "per_class": {
    "class_0": {
      "precision": 0.0,
      "recall": 0.0,
      "f1": 0.0
    },
    "class_1": {
      "precision": 0.12900143334925943,
      "recall": 0.9407665505226481,
      "f1": 0.226890756302521
    },
    "class_2": {
      "precision": 0.2,
      "recall": 0.0017452006980802793,
      "f1": 0.0034602076124567475
    },
    "class_3": {
      "precision": 0.0,
      "recall": 0.0,
      "f1": 0.0
    },
    "class_4": {
      "precision": 0.0,
      "recall": 0.0,
      "f1": 0.0
    },
    "class_5": {
      "precision": 0.0,
      "recall": 0.0,
      "f1": 0.0
    },
    "class_6": {
      "precision": 0.05384615384615385,
      "recall": 0.07106598984771574,
      "f1": 0.061269146608315096
    }
  },
  "confusion_matrix": [
    [
      0,
      1174,
      2,
      6,
      1,
      0,
      14
    ],
    [
      0,
      540,
      0,
      1,
      0,
      0,
      33
    ],
    [
      0,
      492,
      1,
      29,
      0,
      0,
      51
    ],
    [
      0,
      933,
      0,
      0,
      0,
      0,
      124
    ],
    [
      0,
      184,
      0,
      0,
      0,
      0,
      5
    ],
    [
      0,
      681,
      2,
      217,
      0,
      0,
      19
    ],
    [
      0,
      182,
      0,
      0,
      1,
      0,
      14
    ]
  ],
  "time_costs": {
    "train_time": 0.8421353999874555,
    "inference_time_total": 0.026543300016783178,
    "inference_time_per_sample": 5.64031024581028e-06
  }
}