{
  "accuracy": 0.1733238231098431,
  "macro_f1": 0.06335839103690556,
  "weighted_f1": 0.06228064764671885,
  "macro_precision": 0.04347339090422094,
  "macro_recall": 0.16107897450764558,
  "per_class": {
    "class_0": {
      "precision": 0.0,
      "recall": 0.0,
      "f1": 0.0
    },
    "class_1": {
      "precision": 0.038461538461538464,
      "recall": 0.01702127659574468,
      "f1": 0.02359882005899705
    },
    "class_2": {
      "precision": 0.1933884297520661,
      "recall": 0.9590163934426229,
      "f1": 0.3218707015130674
    },
    "class_3": {
      "precision": 0.0,
      "recall": 0.0,
      "f1": 0.0
    },
    "class_4": {
      "precision": 0.07246376811594203,
      "recall": 0.15151515151515152,
      "f1": 0.09803921568627451
    },
    "class_5": {
      "precision": 0.0,
      "recall": 0.0,
      "f1": 0.0
    },
    "class_6": {
      "precision": 0.0,
      "recall": 0.0,
      "f1": 0.0
    }
  },
  "confusion_matrix": [
    [
      0,
      11,
      276,
      0,
      1,
      0,
      0
    ],
    [
      0,
      4,
      200,
      0,
      31,
      0,
      0
    ],
    [
      0,
      1,
      234,
      0,
      3,
      2,
      4
    ],
    [
      0,
      0,
      280,
      0,
      0,
      0,
      0
    ],
    [
      0,
      0,
      28,
      0,
      5,
      0,
      0
    ],
    [
      2,
      86,
      162,
      1,
      21,
      0,
      10
    ],
    [
      0,
      2,
      30,
      0,
      8,
      0,
      0
    ]
  ],
  "time_costs": {
    "train_time": 0.11145339999347925,
    "inference_time_total": 0.0013285999884828925,
    "inference_time_per_sample": 9.476462114713926e-07
  }
}