{
  "accuracy": 0.9301133885739207,
  "macro_f1": 0.9075307070425287,
  "weighted_f1": 0.9286752777757971,
  "macro_precision": 0.9027014530113511,
  "macro_recall": 0.9167424189477819,
  "per_class": {
    "Amazon Echo": {
      "precision": 0.9344501092498179,
      "recall": 0.9801375095492743,
      "f1": 0.9567486950037286
    },
    "Android Phone 2": {
      "precision": 0.6666666666666666,
      "recall": 0.72,
      "f1": 0.6923076923076923
    },
    "Belkin Wemo switch": {
      "precision": 0.5287789133942981,
      "recall": 0.6927413671599718,
      "f1": 0.5997559487492373
    },
    "Belkin wemo motion sensor": {
      "precision": 0.5916919959473151,
      "recall": 0.39273705447209145,
      "f1": 0.4721099434114794
    },
    "Dropcam": {
      "precision": 0.9989468141126909,
      "recall": 1.0,
      "f1": 0.9994731296101159
    },
    "HP Printer": {
      "precision": 0.9644908616187989,
      "recall": 0.9501028806584362,
      "f1": 0.9572428090178803
    },
    "Laptop": {
      "precision": 0.8636363636363636,
      "recall": 1.0,
      "f1": 0.926829268292683
    },
    "Netatmo Welcome": {
      "precision": 0.9832285115303984,
      "recall": 0.9563621533442088,
      "f1": 0.9696092619392185
    },
    "Netatmo weather station": {
      "precision": 1.0,
      "recall": 1.0,
      "f1": 1.0
    },
    "PIX-STAR Photo-frame": {
      "precision": 0.8959131545338442,
      "recall": 0.953125,
      "f1": 0.923633969716919
    },
    "Samsung Galaxy Tab": {
      "precision": 0.9906962785114045,
      "recall": 0.9598720558301832,
      "f1": 0.9750406143848767
    },
    "Samsung SmartCam": {
      "precision": 0.9462295081967214,
      "recall": 0.969758064516129,
      "f1": 0.9578493196150016
    },
    "Smart Things": {
      "precision": 1.0,
      "recall": 1.0,
      "f1": 1.0
    },
    "TP-Link Day Night Cloud camera": {
      "precision": 0.913109756097561,
      "recall": 0.9265274555297757,
      "f1": 0.9197696737044145
    },
    "TP-Link Smart plug": {
      "precision": 0.9711465451784358,
      "recall": 1.0,
      "f1": 0.985362095531587
    },
    "TPLink Router Bridge LAN": {
      "precision": 0.9996406755300036,
      "recall": 1.0,
      "f1": 0.9998203054806828
    },
    "Triby Speaker": {
      "precision": 1.0,
      "recall": 1.0,
      "f1": 1.0
    },
    "Withings Smart Baby Monitor": {
      "precision": 1.0,
      "recall": 1.0,
      "f1": 1.0
    }
  },
  "confusion_matrix": [
    [
      1283,
      0,
      0,
      0,
      0,
      0,
      0,
      23,
      0,
      0,
      3,
      0,
      0,
      0,
      0,
      0,
      0,
      0
    ],
    [
      0,
      18,
      0,
      0,
      0,
      0,
      0,
      0,
      0,
      0,
      6,
      0,
      0,
      0,
      0,
      1,
      0,
      0
    ],
    [
      0,
      2,
      983,
      323,
      0,
      31,
      1,
      5,
      0,
      24,
      0,
      14,
      0,
      36,
      0,
      0,
      0,
      0
    ],
    [
      0,
      0,
      773,
      584,
      0,
      11,
      2,
      6,
      0,
      24,
      10,
      7,
      0,
      70,
      0,
      0,
      0,
      0
    ],
    [
      0,
      0,
      0,
      0,
      1897,
      0,
      0,
      0,
      0,
      0,
      0,
      0,
      0,
      0,
      0,
      0,
      0,
      0
    ],
    [
      0,
      0,
      3,
      12,
      0,
      1847,
      2,
      2,
      0,
      64,
      5,
      9,
      0,
      0,
      0,
      0,
      0,
      0
    ],
    [
      0,
      0,
      0,
      0,
      0,
      0,
      38,
      0,
      0,
      0,
      0,
      0,
      0,
      0,
      0,
      0,
      0,
      0
    ],
    [
      37,
      2,
      20,
      6,
      0,
      4,
      0,
      2345,
      0,
      11,
      7,
      20,
      0,
      0,
      0,
      0,
      0,
      0
    ],
    [
      0,
      0,
      0,
      0,
      0,
      0,
      0,
      0,
      1180,
      0,
      0,
      0,
      0,
      0,
      0,
      0,
      0,
      0
    ],
    [
      0,
      0,
      32,
      18,
      0,
      10,
      0,
      0,
      0,
      1403,
      0,
      9,
      0,
      0,
      0,
      0,
      0,
      0
    ],
    [
      52,
      5,
      0,
      1,
      2,
      0,
      1,
      0,
      0,
      39,
      3301,
      0,
      0,
      0,
      38,
      0,
      0,
      0
    ],
    [
      0,
      0,
      12,
      8,
      0,
      12,
      0,
      4,
      0,
      1,
      0,
      1443,
      0,
      8,
      0,
      0,
      0,
      0
    ],
    [
      0,
      0,
      0,
      0,
      0,
      0,
      0,
      0,
      0,
      0,
      0,
      0,
      1377,
      0,
      0,
      0,
      0,
      0
    ],
    [
      1,
      0,
      36,
      35,
      0,
      0,
      0,
      0,
      0,
      0,
      0,
      23,
      0,
      1198,
      0,
      0,
      0,
      0
    ],
    [
      0,
      0,
      0,
      0,
      0,
      0,
      0,
      0,
      0,
      0,
      0,
      0,
      0,
      0,
      1279,
      0,
      0,
      0
    ],
    [
      0,
      0,
      0,
      0,
      0,
      0,
      0,
      0,
      0,
      0,
      0,
      0,
      0,
      0,
      0,
      2782,
      0,
      0
    ],
    [
      0,
      0,
      0,
      0,
      0,
      0,
      0,
      0,
      0,
      0,
      0,
      0,
      0,
      0,
      0,
      0,
      1293,
      0
    ],
    [
      0,
      0,
      0,
      0,
      0,
      0,
      0,
      0,
      0,
      0,
      0,
      0,
      0,
      0,
      0,
      0,
      0,
      1342
    ]
  ],
  "time_costs": {
    "feature_construction_time": 164.03911089897156,
    "train_time": 1.1600907999963965,
    "inference_time_total": 0.10707039998669643,
    "inference_time_per_sample": 3.8912051165393385e-06
  }
}