{
  "accuracy": 0.9647561195645636,
  "macro_f1": 0.8756495121514877,
  "weighted_f1": 0.9647218840678039,
  "macro_precision": 0.8714338746703242,
  "macro_recall": 0.8905188312335027,
  "per_class": {
    "Amazon Echo": {
      "precision": 0.9928425357873211,
      "recall": 0.9989711934156379,
      "f1": 0.9958974358974358
    },
    "Android Phone 2": {
      "precision": 0.5892857142857143,
      "recall": 0.825,
      "f1": 0.6875
    },
    "Belkin Wemo switch": {
      "precision": 0.5680147058823529,
      "recall": 0.7186046511627907,
      "f1": 0.6344969199178645
    },
    "Belkin wemo motion sensor": {
      "precision": 0.6744868035190615,
      "recall": 0.5099778270509978,
      "f1": 0.5808080808080808
    },
    "Dropcam": {
      "precision": 1.0,
      "recall": 0.9994713190589479,
      "f1": 0.9997355896351137
    },
    "HP Printer": {
      "precision": 0.8523809523809524,
      "recall": 0.8905472636815921,
      "f1": 0.8710462287104623
    },
    "Laptop": {
      "precision": 0.8125,
      "recall": 0.7536231884057971,
      "f1": 0.7819548872180451
    },
    "Netatmo Welcome": {
      "precision": 0.9817833173537871,
      "recall": 0.9846153846153847,
      "f1": 0.9831973115698511
    },
    "Netatmo weather station": {
      "precision": 1.0,
      "recall": 0.9948453608247423,
      "f1": 0.9974160206718347
    },
    "PIX-STAR Photo-frame": {
      "precision": 0.8015267175572519,
      "recall": 0.9051724137931034,
      "f1": 0.8502024291497976
    },
    "Samsung Galaxy Tab": {
      "precision": 0.8983957219251337,
      "recall": 0.7601809954751131,
      "f1": 0.8235294117647058
    },
    "Samsung SmartCam": {
      "precision": 0.9544235924932976,
      "recall": 0.9544235924932976,
      "f1": 0.9544235924932976
    },
    "Smart Things": {
      "precision": 1.0,
      "recall": 1.0,
      "f1": 1.0
    },
    "TP-Link Day Night Cloud camera": {
      "precision": 0.9390243902439024,
      "recall": 0.7777777777777778,
      "f1": 0.850828729281768
    },
    "TP-Link Smart plug": {
      "precision": 0.6285714285714286,
      "recall": 0.9777777777777777,
      "f1": 0.7652173913043478
    },
    "TPLink Router Bridge LAN": {
      "precision": 0.9998202408772245,
      "recall": 0.9996405463695184,
      "f1": 0.9997303855486654
    },
    "Triby Speaker": {
      "precision": 0.9927536231884058,
      "recall": 0.9856115107913669,
      "f1": 0.9891696750902527
    },
    "Withings Smart Baby Monitor": {
      "precision": 1.0,
      "recall": 0.9930981595092024,
      "f1": 0.9965371296652559
    }
  },
  "confusion_matrix": [
    [
      971,
      0,
      0,
      0,
      0,
      0,
      1,
      0,
      0,
      0,
      0,
      0,
      0,
      0,
      0,
      0,
      0,
      0
    ],
    [
      0,
      33,
      0,
      0,
      0,
      0,
      0,
      3,
      0,
      0,
      4,
      0,
      0,
      0,
      0,
      0,
      0,
      0
    ],
    [
      0,
      0,
      309,
      97,
      0,
      4,
      1,
      6,
      0,
      8,
      0,
      4,
      0,
      1,
      0,
      0,
      0,
      0
    ],
    [
      0,
      0,
      200,
      230,
      0,
      5,
      0,
      3,
      0,
      4,
      1,
      2,
      0,
      6,
      0,
      0,
      0,
      0
    ],
    [
      0,
      0,
      0,
      0,
      3781,
      0,
      0,
      0,
      0,
      0,
      2,
      0,
      0,
      0,
      0,
      0,
      0,
      0
    ],
    [
      0,
      0,
      10,
      1,
      0,
      358,
      0,
      1,
      0,
      11,
      1,
      17,
      0,
      3,
      0,
      0,
      0,
      0
    ],
    [
      0,
      16,
      0,
      0,
      0,
      0,
      52,
      0,
      0,
      0,
      0,
      0,
      0,
      0,
      0,
      1,
      0,
      0
    ],
    [
      4,
      0,
      4,
      3,
      0,
      1,
      0,
      1024,
      0,
      2,
      0,
      2,
      0,
      0,
      0,
      0,
      0,
      0
    ],
    [
      0,
      0,
      0,
      0,
      0,
      1,
      0,
      0,
      193,
      0,
      0,
      0,
      0,
      0,
      0,
      0,
      0,
      0
    ],
    [
      0,
      0,
      6,
      3,
      0,
      1,
      0,
      1,
      0,
      105,
      0,
      0,
      0,
      0,
      0,
      0,
      0,
      0
    ],
    [
      3,
      7,
      0,
      3,
      0,
      1,
      8,
      2,
      0,
      1,
      168,
      1,
      0,
      0,
      26,
      0,
      1,
      0
    ],
    [
      0,
      0,
      9,
      1,
      0,
      21,
      1,
      2,
      0,
      0,
      0,
      712,
      0,
      0,
      0,
      0,
      0,
      0
    ],
    [
      0,
      0,
      0,
      0,
      0,
      0,
      0,
      0,
      0,
      0,
      0,
      0,
      913,
      0,
      0,
      0,
      0,
      0
    ],
    [
      0,
      0,
      6,
      3,
      0,
      27,
      0,
      1,
      0,
      0,
      0,
      7,
      0,
      154,
      0,
      0,
      0,
      0
    ],
    [
      0,
      0,
      0,
      0,
      0,
      0,
      0,
      0,
      0,
      0,
      1,
      0,
      0,
      0,
      44,
      0,
      0,
      0
    ],
    [
      0,
      0,
      0,
      0,
      0,
      0,
      1,
      0,
      0,
      0,
      1,
      0,
      0,
      0,
      0,
      5562,
      0,
      0
    ],
    [
      0,
      0,
      0,
      0,
      0,
      1,
      0,
      0,
      0,
      0,
      1,
      0,
      0,
      0,
      0,
      0,
      137,
      0
    ],
    [
      0,
      0,
      0,
      0,
      0,
      0,
      0,
      0,
      0,
      0,
      8,
      1,
      0,
      0,
      0,
      0,
      0,
      1295
    ]
  ],
  "time_costs": {
    "feature_construction_time": 191.75213289260864,
    "train_time": 3.970313600002555,
    "inference_time_total": 0.05054689999087714,
    "inference_time_per_sample": 3.0400493168266756e-06
  }
}