{
  "accuracy": 0.9104922562350033,
  "macro_f1": 0.8871870296362647,
  "weighted_f1": 0.9100798655885474,
  "macro_precision": 0.8815613813298601,
  "macro_recall": 0.9119659616424391,
  "per_class": {
    "Amazon Echo": {
      "precision": 0.9701046337817638,
      "recall": 0.9923547400611621,
      "f1": 0.981103552532124
    },
    "Android Phone 2": {
      "precision": 0.38461538461538464,
      "recall": 0.8333333333333334,
      "f1": 0.5263157894736842
    },
    "Belkin Wemo switch": {
      "precision": 0.55125284738041,
      "recall": 0.6826516220028209,
      "f1": 0.6099558916194077
    },
    "Belkin wemo motion sensor": {
      "precision": 0.6259842519685039,
      "recall": 0.42799461641991926,
      "f1": 0.5083932853717026
    },
    "Dropcam": {
      "precision": 1.0,
      "recall": 1.0,
      "f1": 1.0
    },
    "HP Printer": {
      "precision": 0.9743863393810032,
      "recall": 0.9393004115226338,
      "f1": 0.9565217391304348
    },
    "Laptop": {
      "precision": 1.0,
      "recall": 0.8947368421052632,
      "f1": 0.9444444444444444
    },
    "Netatmo Welcome": {
      "precision": 0.9754701553556827,
      "recall": 0.9730831973898858,
      "f1": 0.9742752143732135
    },
    "Netatmo weather station": {
      "precision": 0.9983079526226735,
      "recall": 1.0,
      "f1": 0.9991532599491956
    },
    "PIX-STAR Photo-frame": {
      "precision": 0.8874841972187105,
      "recall": 0.9538043478260869,
      "f1": 0.9194499017681729
    },
    "Samsung Galaxy Tab": {
      "precision": 0.9969325153374233,
      "recall": 0.7562536358347877,
      "f1": 0.8600727753886868
    },
    "Samsung SmartCam": {
      "precision": 0.968,
      "recall": 0.9758064516129032,
      "f1": 0.9718875502008032
    },
    "Smart Things": {
      "precision": 1.0,
      "recall": 1.0,
      "f1": 1.0
    },
    "TP-Link Day Night Cloud camera": {
      "precision": 0.9022662889518414,
      "recall": 0.9860681114551083,
      "f1": 0.9423076923076923
    },
    "TP-Link Smart plug": {
      "precision": 0.6333002973240832,
      "recall": 1.0,
      "f1": 0.7754854368932039
    },
    "TPLink Router Bridge LAN": {
      "precision": 1.0,
      "recall": 1.0,
      "f1": 1.0
    },
    "Triby Speaker": {
      "precision": 1.0,
      "recall": 1.0,
      "f1": 1.0
    },
    "Withings Smart Baby Monitor": {
      "precision": 1.0,
      "recall": 1.0,
      "f1": 1.0
    }
  },
  "confusion_matrix": [
    [
      649,
      0,
      0,
      0,
      0,
      0,
      0,
      4,
      0,
      1,
      0,
      0,
      0,
      0,
      0,
      0,
      0,
      0
    ],
    [
      0,
      10,
      0,
      0,
      0,
      0,
      0,
      0,
      0,
      0,
      2,
      0,
      0,
      0,
      0,
      0,
      0,
      0
    ],
    [
      0,
      0,
      484,
      169,
      0,
      11,
      0,
      8,
      0,
      16,
      0,
      3,
      0,
      18,
      0,
      0,
      0,
      0
    ],
    [
      0,
      0,
      355,
      318,
      0,
      10,
      0,
      5,
      0,
      18,
      0,
      0,
      0,
      37,
      0,
      0,
      0,
      0
    ],
    [
      0,
      0,
      0,
      0,
      948,
      0,
      0,
      0,
      0,
      0,
      0,
      0,
      0,
      0,
      0,
      0,
      0,
      0
    ],
    [
      0,
      0,
      9,
      2,
      0,
      913,
      0,
      3,
      0,
      35,
      1,
      9,
      0,
      0,
      0,
      0,
      0,
      0
    ],
    [
      0,
      1,
      0,
      0,
      0,
      0,
      17,
      0,
      1,
      0,
      0,
      0,
      0,
      0,
      0,
      0,
      0,
      0
    ],
    [
      17,
      1,
      9,
      3,
      0,
      0,
      0,
      1193,
      0,
      2,
      1,
      0,
      0,
      0,
      0,
      0,
      0,
      0
    ],
    [
      0,
      0,
      0,
      0,
      0,
      0,
      0,
      0,
      590,
      0,
      0,
      0,
      0,
      0,
      0,
      0,
      0,
      0
    ],
    [
      0,
      0,
      14,
      12,
      0,
      3,
      0,
      4,
      0,
      702,
      0,
      1,
      0,
      0,
      0,
      0,
      0,
      0
    ],
    [
      3,
      14,
      2,
      0,
      0,
      0,
      0,
      1,
      0,
      17,
      1300,
      2,
      0,
      10,
      370,
      0,
      0,
      0
    ],
    [
      0,
      0,
      5,
      4,
      0,
      0,
      0,
      5,
      0,
      0,
      0,
      726,
      0,
      4,
      0,
      0,
      0,
      0
    ],
    [
      0,
      0,
      0,
      0,
      0,
      0,
      0,
      0,
      0,
      0,
      0,
      0,
      688,
      0,
      0,
      0,
      0,
      0
    ],
    [
      0,
      0,
      0,
      0,
      0,
      0,
      0,
      0,
      0,
      0,
      0,
      9,
      0,
      637,
      0,
      0,
      0,
      0
    ],
    [
      0,
      0,
      0,
      0,
      0,
      0,
      0,
      0,
      0,
      0,
      0,
      0,
      0,
      0,
      639,
      0,
      0,
      0
    ],
    [
      0,
      0,
      0,
      0,
      0,
      0,
      0,
      0,
      0,
      0,
      0,
      0,
      0,
      0,
      0,
      1391,
      0,
      0
    ],
    [
      0,
      0,
      0,
      0,
      0,
      0,
      0,
      0,
      0,
      0,
      0,
      0,
      0,
      0,
      0,
      0,
      646,
      0
    ],
    [
      0,
      0,
      0,
      0,
      0,
      0,
      0,
      0,
      0,
      0,
      0,
      0,
      0,
      0,
      0,
      0,
      0,
      671
    ]
  ],
  "time_costs": {
    "feature_construction_time": 84.44950103759766,
    "train_time": 4.326847000003909,
    "inference_time_total": 0.05556870000145864,
    "inference_time_per_sample": 4.040478441173463e-06
  }
}