{
  "accuracy": 0.2578582486370061,
  "macro_f1": 0.12735774052228338,
  "weighted_f1": 0.2652722736428076,
  "macro_precision": 0.13958766647671458,
  "macro_recall": 0.17139871528477377,
  "per_class": {
    "Amazon Echo": {
      "precision": 0.6197750025802456,
      "recall": 0.476738647189584,
      "f1": 0.538927529728517
    },
    "HP Printer": {
      "precision": 0.07370547740197546,
      "recall": 0.4617909048288795,
      "f1": 0.12712137833128992
    },
    "Netatmo Welcome": {
      "precision": 0.06850961538461539,
      "recall": 0.03698896820246593,
      "f1": 0.04804045512010114
    },
    "Netatmo weather station": {
      "precision": 0.0,
      "recall": 0.0,
      "f1": 0.0
    },
    "PIX-STAR Photo-frame": {
      "precision": 0.0,
      "recall": 0.0,
      "f1": 0.0
    },
    "Samsung SmartCam": {
      "precision": 0.16208287495416207,
      "recall": 0.07083333333333333,
      "f1": 0.09858369577339132
    },
    "TP-Link Day Night Cloud camera": {
      "precision": 0.053040695016003656,
      "recall": 0.15343915343915343,
      "f1": 0.07883112470268433
    }
  },
  "confusion_matrix": [
    [
      6005,
      2961,
      723,
      1,
      2,
      2021,
      883
    ],
    [
      671,
      985,
      375,
      3,
      13,
      23,
      63
    ],
    [
      533,
      1994,
      114,
      0,
      0,
      109,
      332
    ],
    [
      17,
      4140,
      2,
      0,
      0,
      78,
      29
    ],
    [
      150,
      391,
      0,
      1,
      0,
      10,
      89
    ],
    [
      2079,
      2604,
      438,
      1,
      1,
      442,
      675
    ],
    [
      234,
      289,
      12,
      0,
      61,
      44,
      116
    ]
  ],
  "time_costs": {
    "train_time": 1.0787000999989687,
    "inference_time_total": 0.046007400000235066,
    "inference_time_per_sample": 1.5483408494391556e-06
  }
}