device,precision,recall,f1
Amazon Echo,0.6197750025802456,0.476738647189584,0.538927529728517
HP Printer,0.07370547740197546,0.4617909048288795,0.12712137833128992
Netatmo Welcome,0.06850961538461539,0.03698896820246593,0.04804045512010114
Netatmo weather station,0.0,0.0,0.0
PIX-STAR Photo-frame,0.0,0.0,0.0
Samsung SmartCam,0.16208287495416207,0.07083333333333333,0.09858369577339132
TP-Link Day Night Cloud camera,0.053040695016003656,0.15343915343915343,0.07883112470268433
