{
  "accuracy": 0.9735370181030853,
  "macro_f1": 0.903339165073874,
  "weighted_f1": 0.9732123980192343,
  "macro_precision": 0.8957630054152114,
  "macro_recall": 0.9220944513882233,
  "per_class": {
    "Amazon Echo": {
      "precision": 0.9969072164948454,
      "recall": 0.9948559670781894,
      "f1": 0.995880535530381
    },
    "Android Phone 2": {
      "precision": 0.6779661016949152,
      "recall": 1.0,
      "f1": 0.8080808080808081
    },
    "Belkin Wemo switch": {
      "precision": 0.6309963099630996,
      "recall": 0.7953488372093023,
      "f1": 0.7037037037037037
    },
    "Belkin wemo motion sensor": {
      "precision": 0.7341389728096677,
      "recall": 0.5388026607538803,
      "f1": 0.6214833759590793
    },
    "Dropcam": {
      "precision": 0.9997357293868921,
      "recall": 1.0,
      "f1": 0.9998678472313995
    },
    "HP Printer": {
      "precision": 0.9093137254901961,
      "recall": 0.9228855721393034,
      "f1": 0.9160493827160494
    },
    "Laptop": {
      "precision": 0.8805970149253731,
      "recall": 0.855072463768116,
      "f1": 0.8676470588235294
    },
    "Netatmo Welcome": {
      "precision": 0.9932885906040269,
      "recall": 0.9961538461538462,
      "f1": 0.9947191550648103
    },
    "Netatmo weather station": {
      "precision": 0.9897959183673469,
      "recall": 1.0,
      "f1": 0.9948717948717949
    },
    "PIX-STAR Photo-frame": {
      "precision": 0.7857142857142857,
      "recall": 0.9482758620689655,
      "f1": 0.859375
    },
    "Samsung Galaxy Tab": {
      "precision": 0.9186046511627907,
      "recall": 0.7149321266968326,
      "f1": 0.8040712468193384
    },
    "Samsung SmartCam": {
      "precision": 1.0,
      "recall": 1.0,
      "f1": 1.0
    },
    "Smart Things": {
      "precision": 1.0,
      "recall": 1.0,
      "f1": 1.0
    },
    "TP-Link Day Night Cloud camera": {
      "precision": 0.9576719576719577,
      "recall": 0.9141414141414141,
      "f1": 0.9354005167958657
    },
    "TP-Link Smart plug": {
      "precision": 0.65625,
      "recall": 0.9333333333333333,
      "f1": 0.7706422018348624
    },
    "TPLink Router Bridge LAN": {
      "precision": 1.0,
      "recall": 0.9998202731847592,
      "f1": 0.9999101285162219
    },
    "Triby Speaker": {
      "precision": 0.9927536231884058,
      "recall": 0.9856115107913669,
      "f1": 0.9891696750902527
    },
    "Withings Smart Baby Monitor": {
      "precision": 1.0,
      "recall": 0.9984662576687117,
      "f1": 0.9992325402916347
    }
  },
  "confusion_matrix": [
    [
      967,
      0,
      0,
      0,
      0,
      0,
      0,
      0,
      0,
      0,
      5,
      0,
      0,
      0,
      0,
      0,
      0,
      0
    ],
    [
      0,
      40,
      0,
      0,
      0,
      0,
      0,
      0,
      0,
      0,
      0,
      0,
      0,
      0,
      0,
      0,
      0,
      0
    ],
    [
      0,
      0,
      342,
      72,
      0,
      12,
      0,
      0,
      0,
      2,
      0,
      0,
      0,
      2,
      0,
      0,
      0,
      0
    ],
    [
      0,
      0,
      186,
      243,
      0,
      14,
      0,
      1,
      0,
      3,
      0,
      0,
      0,
      4,
      0,
      0,
      0,
      0
    ],
    [
      0,
      0,
      0,
      0,
      3783,
      0,
      0,
      0,
      0,
      0,
      0,
      0,
      0,
      0,
      0,
      0,
      0,
      0
    ],
    [
      0,
      0,
      9,
      4,
      0,
      371,
      0,
      2,
      0,
      14,
      0,
      0,
      0,
      2,
      0,
      0,
      0,
      0
    ],
    [
      1,
      8,
      0,
      0,
      0,
      1,
      59,
      0,
      0,
      0,
      0,
      0,
      0,
      0,
      0,
      0,
      0,
      0
    ],
    [
      0,
      0,
      0,
      0,
      1,
      0,
      0,
      1036,
      0,
      0,
      3,
      0,
      0,
      0,
      0,
      0,
      0,
      0
    ],
    [
      0,
      0,
      0,
      0,
      0,
      0,
      0,
      0,
      194,
      0,
      0,
      0,
      0,
      0,
      0,
      0,
      0,
      0
    ],
    [
      0,
      0,
      4,
      1,
      0,
      1,
      0,
      0,
      0,
      110,
      0,
      0,
      0,
      0,
      0,
      0,
      0,
      0
    ],
    [
      2,
      11,
      0,
      4,
      0,
      2,
      8,
      1,
      1,
      11,
      158,
      0,
      0,
      0,
      22,
      0,
      1,
      0
    ],
    [
      0,
      0,
      0,
      0,
      0,
      0,
      0,
      0,
      0,
      0,
      0,
      746,
      0,
      0,
      0,
      0,
      0,
      0
    ],
    [
      0,
      0,
      0,
      0,
      0,
      0,
      0,
      0,
      0,
      0,
      0,
      0,
      913,
      0,
      0,
      0,
      0,
      0
    ],
    [
      0,
      0,
      1,
      7,
      0,
      6,
      0,
      2,
      1,
      0,
      0,
      0,
      0,
      181,
      0,
      0,
      0,
      0
    ],
    [
      0,
      0,
      0,
      0,
      0,
      0,
      0,
      1,
      0,
      0,
      2,
      0,
      0,
      0,
      42,
      0,
      0,
      0
    ],
    [
      0,
      0,
      0,
      0,
      0,
      0,
      0,
      0,
      0,
      0,
      1,
      0,
      0,
      0,
      0,
      5563,
      0,
      0
    ],
    [
      0,
      0,
      0,
      0,
      0,
      1,
      0,
      0,
      0,
      0,
      1,
      0,
      0,
      0,
      0,
      0,
      137,
      0
    ],
    [
      0,
      0,
      0,
      0,
      0,
      0,
      0,
      0,
      0,
      0,
      2,
      0,
      0,
      0,
      0,
      0,
      0,
      1302
    ]
  ],
  "time_costs": {
    "feature_construction_time": 214.5399079322815,
    "train_time": 1.3275225999823306,
    "inference_time_total": 0.07369360001757741,
    "inference_time_per_sample": 4.432164552690047e-06
  }
}