{
  "accuracy": 0.9803861711058536,
  "macro_f1": 0.9108004995626483,
  "weighted_f1": 0.9791653419141988,
  "macro_precision": 0.9058309640827267,
  "macro_recall": 0.9377972604325012,
  "per_class": {
    "Amazon Echo": {
      "precision": 0.9806763285024155,
      "recall": 0.9950980392156863,
      "f1": 0.9878345498783455
    },
    "Android Phone 2": {
      "precision": 0.5655172413793104,
      "recall": 0.6307692307692307,
      "f1": 0.5963636363636363
    },
    "Belkin Wemo switch": {
      "precision": 0.9885931558935361,
      "recall": 0.9961685823754789,
      "f1": 0.9923664122137404
    },
    "Belkin wemo motion sensor": {
      "precision": 0.9876352395672334,
      "recall": 0.9984375,
      "f1": 0.993006993006993
    },
    "Dropcam": {
      "precision": 1.0,
      "recall": 1.0,
      "f1": 1.0
    },
    "HP Printer": {
      "precision": 0.9745762711864406,
      "recall": 0.9913793103448276,
      "f1": 0.9829059829059829
    },
    "Laptop": {
      "precision": 0.9751461988304093,
      "recall": 0.9583333333333334,
      "f1": 0.9666666666666667
    },
    "Netatmo Welcome": {
      "precision": 1.0,
      "recall": 0.9961685823754789,
      "f1": 0.9980806142034548
    },
    "Netatmo weather station": {
      "precision": 1.0,
      "recall": 0.9807692307692307,
      "f1": 0.9902912621359223
    },
    "PIX-STAR Photo-frame": {
      "precision": 0.7160493827160493,
      "recall": 1.0,
      "f1": 0.8345323741007195
    },
    "Samsung Galaxy Tab": {
      "precision": 0.8053097345132744,
      "recall": 0.4080717488789238,
      "f1": 0.5416666666666666
    },
    "Samsung SmartCam": {
      "precision": 0.9908814589665653,
      "recall": 1.0,
      "f1": 0.9954198473282443
    },
    "Smart Things": {
      "precision": 1.0,
      "recall": 1.0,
      "f1": 1.0
    },
    "TP-Link Day Night Cloud camera": {
      "precision": 0.9876543209876543,
      "recall": 1.0,
      "f1": 0.9937888198757764
    },
    "TP-Link Smart plug": {
      "precision": 0.4,
      "recall": 0.9333333333333333,
      "f1": 0.56
    },
    "TPLink Router Bridge LAN": {
      "precision": 0.9906103286384976,
      "recall": 0.9986477349560514,
      "f1": 0.9946127946127946
    },
    "Triby Speaker": {
      "precision": 0.9423076923076923,
      "recall": 1.0,
      "f1": 0.9702970297029703
    },
    "Withings Smart Baby Monitor": {
      "precision": 1.0,
      "recall": 0.9931740614334471,
      "f1": 0.9965753424657534
    }
  },
  "confusion_matrix": [
    [
      406,
      0,
      0,
      0,
      0,
      0,
      1,
      0,
      0,
      0,
      0,
      0,
      0,
      0,
      0,
      1,
      0,
      0
    ],
    [
      4,
      82,
      0,
      2,
      0,
      0,
      17,
      0,
      0,
      0,
      20,
      0,
      0,
      0,
      0,
      5,
      0,
      0
    ],
    [
      0,
      0,
      520,
      1,
      0,
      0,
      1,
      0,
      0,
      0,
      0,
      0,
      0,
      0,
      0,
      0,
      0,
      0
    ],
    [
      0,
      0,
      0,
      639,
      0,
      1,
      0,
      0,
      0,
      0,
      0,
      0,
      0,
      0,
      0,
      0,
      0,
      0
    ],
    [
      0,
      0,
      0,
      0,
      1782,
      0,
      0,
      0,
      0,
      0,
      0,
      0,
      0,
      0,
      0,
      0,
      0,
      0
    ],
    [
      0,
      0,
      0,
      0,
      0,
      115,
      0,
      0,
      0,
      1,
      0,
      0,
      0,
      0,
      0,
      0,
      0,
      0
    ],
    [
      0,
      41,
      0,
      0,
      0,
      0,
      1334,
      0,
      0,
      0,
      0,
      0,
      0,
      0,
      0,
      17,
      0,
      0
    ],
    [
      0,
      0,
      0,
      0,
      0,
      0,
      0,
      260,
      0,
      0,
      1,
      0,
      0,
      0,
      0,
      0,
      0,
      0
    ],
    [
      0,
      0,
      1,
      0,
      0,
      0,
      0,
      0,
      51,
      0,
      0,
      0,
      0,
      0,
      0,
      0,
      0,
      0
    ],
    [
      0,
      0,
      0,
      0,
      0,
      0,
      0,
      0,
      0,
      58,
      0,
      0,
      0,
      0,
      0,
      0,
      0,
      0
    ],
    [
      4,
      21,
      2,
      5,
      0,
      2,
      13,
      0,
      0,
      21,
      91,
      7,
      0,
      1,
      21,
      32,
      3,
      0
    ],
    [
      0,
      0,
      0,
      0,
      0,
      0,
      0,
      0,
      0,
      0,
      0,
      978,
      0,
      0,
      0,
      0,
      0,
      0
    ],
    [
      0,
      0,
      0,
      0,
      0,
      0,
      0,
      0,
      0,
      0,
      0,
      0,
      188,
      0,
      0,
      0,
      0,
      0
    ],
    [
      0,
      0,
      0,
      0,
      0,
      0,
      0,
      0,
      0,
      0,
      0,
      0,
      0,
      80,
      0,
      0,
      0,
      0
    ],
    [
      0,
      0,
      0,
      0,
      0,
      0,
      0,
      0,
      0,
      1,
      0,
      0,
      0,
      0,
      14,
      0,
      0,
      0
    ],
    [
      0,
      1,
      3,
      0,
      0,
      0,
      2,
      0,
      0,
      0,
      1,
      1,
      0,
      0,
      0,
      5908,
      0,
      0
    ],
    [
      0,
      0,
      0,
      0,
      0,
      0,
      0,
      0,
      0,
      0,
      0,
      0,
      0,
      0,
      0,
      0,
      49,
      0
    ],
    [
      0,
      0,
      0,
      0,
      0,
      0,
      0,
      0,
      0,
      0,
      0,
      1,
      0,
      0,
      0,
      1,
      0,
      291
    ]
  ],
  "time_costs": {
    "feature_construction_time": 153.0708179473877,
    "train_time": 3.779123000014806,
    "inference_time_total": 0.05874999999650754,
    "inference_time_per_sample": 4.48370602125525e-06
  }
}