{
  "accuracy": 0.9726348709929633,
  "macro_f1": 0.8997365983132346,
  "weighted_f1": 0.9725547053331459,
  "macro_precision": 0.894826192895652,
  "macro_recall": 0.9161900742325264,
  "per_class": {
    "Amazon Echo": {
      "precision": 1.0,
      "recall": 0.9948559670781894,
      "f1": 0.997421351211965
    },
    "Android Phone 2": {
      "precision": 0.7017543859649122,
      "recall": 1.0,
      "f1": 0.8247422680412371
    },
    "Belkin Wemo switch": {
      "precision": 0.6175942549371634,
      "recall": 0.8,
      "f1": 0.6970618034447822
    },
    "Belkin wemo motion sensor": {
      "precision": 0.7388724035608308,
      "recall": 0.5521064301552107,
      "f1": 0.631979695431472
    },
    "Dropcam": {
      "precision": 0.9997357293868921,
      "recall": 1.0,
      "f1": 0.9998678472313995
    },
    "HP Printer": {
      "precision": 0.8990384615384616,
      "recall": 0.9303482587064676,
      "f1": 0.9144254278728606
    },
    "Laptop": {
      "precision": 0.8333333333333334,
      "recall": 0.7971014492753623,
      "f1": 0.8148148148148148
    },
    "Netatmo Welcome": {
      "precision": 0.9857414448669202,
      "recall": 0.9971153846153846,
      "f1": 0.9913957934990439
    },
    "Netatmo weather station": {
      "precision": 0.9948717948717949,
      "recall": 1.0,
      "f1": 0.9974293059125964
    },
    "PIX-STAR Photo-frame": {
      "precision": 0.8449612403100775,
      "recall": 0.9396551724137931,
      "f1": 0.889795918367347
    },
    "Samsung Galaxy Tab": {
      "precision": 0.9257142857142857,
      "recall": 0.7330316742081447,
      "f1": 0.8181818181818182
    },
    "Samsung SmartCam": {
      "precision": 1.0,
      "recall": 1.0,
      "f1": 1.0
    },
    "Smart Things": {
      "precision": 1.0,
      "recall": 1.0,
      "f1": 1.0
    },
    "TP-Link Day Night Cloud camera": {
      "precision": 0.9712643678160919,
      "recall": 0.8535353535353535,
      "f1": 0.9086021505376344
    },
    "TP-Link Smart plug": {
      "precision": 0.6086956521739131,
      "recall": 0.9333333333333333,
      "f1": 0.7368421052631579
    },
    "TPLink Router Bridge LAN": {
      "precision": 1.0,
      "recall": 0.9978432782171099,
      "f1": 0.998920474991004
    },
    "Triby Speaker": {
      "precision": 0.9852941176470589,
      "recall": 0.9640287769784173,
      "f1": 0.9745454545454545
    },
    "Withings Smart Baby Monitor": {
      "precision": 1.0,
      "recall": 0.9984662576687117,
      "f1": 0.9992325402916347
    }
  },
  "confusion_matrix": [
    [
      967,
      1,
      0,
      0,
      0,
      0,
      0,
      0,
      0,
      0,
      4,
      0,
      0,
      0,
      0,
      0,
      0,
      0
    ],
    [
      0,
      40,
      0,
      0,
      0,
      0,
      0,
      0,
      0,
      0,
      0,
      0,
      0,
      0,
      0,
      0,
      0,
      0
    ],
    [
      0,
      0,
      344,
      78,
      0,
      4,
      0,
      0,
      0,
      4,
      0,
      0,
      0,
      0,
      0,
      0,
      0,
      0
    ],
    [
      0,
      0,
      192,
      249,
      0,
      7,
      0,
      0,
      0,
      1,
      0,
      0,
      0,
      2,
      0,
      0,
      0,
      0
    ],
    [
      0,
      0,
      0,
      0,
      3783,
      0,
      0,
      0,
      0,
      0,
      0,
      0,
      0,
      0,
      0,
      0,
      0,
      0
    ],
    [
      0,
      0,
      12,
      3,
      0,
      374,
      0,
      0,
      0,
      10,
      1,
      0,
      0,
      2,
      0,
      0,
      0,
      0
    ],
    [
      0,
      12,
      0,
      0,
      0,
      2,
      55,
      0,
      0,
      0,
      0,
      0,
      0,
      0,
      0,
      0,
      0,
      0
    ],
    [
      0,
      1,
      0,
      0,
      1,
      0,
      0,
      1037,
      0,
      0,
      1,
      0,
      0,
      0,
      0,
      0,
      0,
      0
    ],
    [
      0,
      0,
      0,
      0,
      0,
      0,
      0,
      0,
      194,
      0,
      0,
      0,
      0,
      0,
      0,
      0,
      0,
      0
    ],
    [
      0,
      0,
      5,
      1,
      0,
      1,
      0,
      0,
      0,
      109,
      0,
      0,
      0,
      0,
      0,
      0,
      0,
      0
    ],
    [
      0,
      3,
      1,
      3,
      0,
      7,
      11,
      0,
      0,
      5,
      162,
      0,
      0,
      0,
      27,
      0,
      2,
      0
    ],
    [
      0,
      0,
      0,
      0,
      0,
      0,
      0,
      0,
      0,
      0,
      0,
      746,
      0,
      0,
      0,
      0,
      0,
      0
    ],
    [
      0,
      0,
      0,
      0,
      0,
      0,
      0,
      0,
      0,
      0,
      0,
      0,
      913,
      0,
      0,
      0,
      0,
      0
    ],
    [
      0,
      0,
      2,
      3,
      0,
      19,
      0,
      4,
      1,
      0,
      0,
      0,
      0,
      169,
      0,
      0,
      0,
      0
    ],
    [
      0,
      0,
      1,
      0,
      0,
      1,
      0,
      0,
      0,
      0,
      1,
      0,
      0,
      0,
      42,
      0,
      0,
      0
    ],
    [
      0,
      0,
      0,
      0,
      0,
      0,
      0,
      11,
      0,
      0,
      0,
      0,
      0,
      1,
      0,
      5552,
      0,
      0
    ],
    [
      0,
      0,
      0,
      0,
      0,
      1,
      0,
      0,
      0,
      0,
      4,
      0,
      0,
      0,
      0,
      0,
      134,
      0
    ],
    [
      0,
      0,
      0,
      0,
      0,
      0,
      0,
      0,
      0,
      0,
      2,
      0,
      0,
      0,
      0,
      0,
      0,
      1302
    ]
  ],
  "time_costs": {
    "feature_construction_time": 215.16230654716492,
    "train_time": 3.606254100013757,
    "inference_time_total": 0.04296070002601482,
    "inference_time_per_sample": 2.583791425152753e-06
  }
}