{
  "accuracy": 0.9141953772350633,
  "macro_f1": 0.8779328067605887,
  "weighted_f1": 0.9135465930515922,
  "macro_precision": 0.8663732863851316,
  "macro_recall": 0.9180885022621614,
  "per_class": {
    "Amazon Echo": {
      "precision": 0.9800766283524904,
      "recall": 0.9770817417876242,
      "f1": 0.9785768936495792
    },
    "Android Phone 2": {
      "precision": 0.22826086956521738,
      "recall": 0.84,
      "f1": 0.358974358974359
    },
    "Belkin Wemo switch": {
      "precision": 0.5568378534333526,
      "recall": 0.6800563777307963,
      "f1": 0.6123096446700508
    },
    "Belkin wemo motion sensor": {
      "precision": 0.6339737108190091,
      "recall": 0.42165433759246806,
      "f1": 0.5064620355411955
    },
    "Dropcam": {
      "precision": 1.0,
      "recall": 1.0,
      "f1": 1.0
    },
    "HP Printer": {
      "precision": 0.977552111170497,
      "recall": 0.940843621399177,
      "f1": 0.9588466579292267
    },
    "Laptop": {
      "precision": 0.8222222222222222,
      "recall": 0.9736842105263158,
      "f1": 0.891566265060241
    },
    "Netatmo Welcome": {
      "precision": 0.9691382765531062,
      "recall": 0.9861337683523654,
      "f1": 0.9775621588841722
    },
    "Netatmo weather station": {
      "precision": 1.0,
      "recall": 1.0,
      "f1": 1.0
    },
    "PIX-STAR Photo-frame": {
      "precision": 0.8815461346633416,
      "recall": 0.9605978260869565,
      "f1": 0.9193758127438232
    },
    "Samsung Galaxy Tab": {
      "precision": 0.9918669131238448,
      "recall": 0.7801686536783948,
      "f1": 0.8733723958333334
    },
    "Samsung SmartCam": {
      "precision": 0.9645203679369251,
      "recall": 0.9865591397849462,
      "f1": 0.9754152823920266
    },
    "Smart Things": {
      "precision": 1.0,
      "recall": 1.0,
      "f1": 1.0
    },
    "TP-Link Day Night Cloud camera": {
      "precision": 0.9187817258883249,
      "recall": 0.979891724671307,
      "f1": 0.9483532934131736
    },
    "TP-Link Smart plug": {
      "precision": 0.6706869428421605,
      "recall": 1.0,
      "f1": 0.802887633396108
    },
    "TPLink Router Bridge LAN": {
      "precision": 1.0,
      "recall": 0.998921639108555,
      "f1": 0.9994605286818917
    },
    "Triby Speaker": {
      "precision": 1.0,
      "recall": 1.0,
      "f1": 1.0
    },
    "Withings Smart Baby Monitor": {
      "precision": 0.9992553983618764,
      "recall": 1.0,
      "f1": 0.9996275605214152
    }
  },
  "confusion_matrix": [
    [
      1279,
      0,
      0,
      0,
      0,
      0,
      0,
      30,
      0,
      0,
      0,
      0,
      0,
      0,
      0,
      0,
      0,
      0
    ],
    [
      0,
      21,
      0,
      0,
      0,
      0,
      0,
      0,
      0,
      0,
      4,
      0,
      0,
      0,
      0,
      0,
      0,
      0
    ],
    [
      0,
      0,
      965,
      334,
      0,
      16,
      0,
      15,
      0,
      39,
      6,
      6,
      0,
      38,
      0,
      0,
      0,
      0
    ],
    [
      0,
      0,
      723,
      627,
      0,
      12,
      0,
      11,
      0,
      32,
      6,
      3,
      0,
      73,
      0,
      0,
      0,
      0
    ],
    [
      0,
      0,
      0,
      0,
      1897,
      0,
      0,
      0,
      0,
      0,
      0,
      0,
      0,
      0,
      0,
      0,
      0,
      0
    ],
    [
      0,
      0,
      9,
      4,
      0,
      1829,
      5,
      3,
      0,
      72,
      6,
      16,
      0,
      0,
      0,
      0,
      0,
      0
    ],
    [
      0,
      1,
      0,
      0,
      0,
      0,
      37,
      0,
      0,
      0,
      0,
      0,
      0,
      0,
      0,
      0,
      0,
      0
    ],
    [
      19,
      0,
      4,
      10,
      0,
      0,
      0,
      2418,
      0,
      0,
      0,
      1,
      0,
      0,
      0,
      0,
      0,
      0
    ],
    [
      0,
      0,
      0,
      0,
      0,
      0,
      0,
      0,
      1180,
      0,
      0,
      0,
      0,
      0,
      0,
      0,
      0,
      0
    ],
    [
      0,
      0,
      26,
      14,
      0,
      10,
      0,
      8,
      0,
      1414,
      0,
      0,
      0,
      0,
      0,
      0,
      0,
      0
    ],
    [
      5,
      70,
      0,
      0,
      0,
      1,
      1,
      1,
      0,
      47,
      2683,
      2,
      0,
      0,
      628,
      0,
      0,
      1
    ],
    [
      0,
      0,
      6,
      0,
      0,
      3,
      1,
      9,
      0,
      0,
      0,
      1468,
      0,
      1,
      0,
      0,
      0,
      0
    ],
    [
      0,
      0,
      0,
      0,
      0,
      0,
      0,
      0,
      0,
      0,
      0,
      0,
      1377,
      0,
      0,
      0,
      0,
      0
    ],
    [
      0,
      0,
      0,
      0,
      0,
      0,
      0,
      0,
      0,
      0,
      0,
      26,
      0,
      1267,
      0,
      0,
      0,
      0
    ],
    [
      0,
      0,
      0,
      0,
      0,
      0,
      0,
      0,
      0,
      0,
      0,
      0,
      0,
      0,
      1279,
      0,
      0,
      0
    ],
    [
      2,
      0,
      0,
      0,
      0,
      0,
      1,
      0,
      0,
      0,
      0,
      0,
      0,
      0,
      0,
      2779,
      0,
      0
    ],
    [
      0,
      0,
      0,
      0,
      0,
      0,
      0,
      0,
      0,
      0,
      0,
      0,
      0,
      0,
      0,
      0,
      1293,
      0
    ],
    [
      0,
      0,
      0,
      0,
      0,
      0,
      0,
      0,
      0,
      0,
      0,
      0,
      0,
      0,
      0,
      0,
      0,
      1342
    ]
  ],
  "time_costs": {
    "feature_construction_time": 164.5288143157959,
    "train_time": 8.155992400003015,
    "inference_time_total": 0.09729780000634491,
    "inference_time_per_sample": 3.5360444834403587e-06
  }
}