{
  "accuracy": 0.9609069585613761,
  "macro_f1": 0.8745788648566369,
  "weighted_f1": 0.9610252950099295,
  "macro_precision": 0.871645616658607,
  "macro_recall": 0.8842587835888559,
  "per_class": {
    "Amazon Echo": {
      "precision": 0.9877175025588536,
      "recall": 0.992798353909465,
      "f1": 0.9902514109799897
    },
    "Android Phone 2": {
      "precision": 0.7714285714285715,
      "recall": 0.675,
      "f1": 0.72
    },
    "Belkin Wemo switch": {
      "precision": 0.56,
      "recall": 0.7162790697674418,
      "f1": 0.6285714285714286
    },
    "Belkin wemo motion sensor": {
      "precision": 0.5672043010752689,
      "recall": 0.4678492239467849,
      "f1": 0.5127582017010935
    },
    "Dropcam": {
      "precision": 0.9997357293868921,
      "recall": 1.0,
      "f1": 0.9998678472313995
    },
    "HP Printer": {
      "precision": 0.8677884615384616,
      "recall": 0.8980099502487562,
      "f1": 0.882640586797066
    },
    "Laptop": {
      "precision": 0.7866666666666666,
      "recall": 0.855072463768116,
      "f1": 0.8194444444444444
    },
    "Netatmo Welcome": {
      "precision": 0.979757085020243,
      "recall": 0.9307692307692308,
      "f1": 0.9546351084812623
    },
    "Netatmo weather station": {
      "precision": 0.9897959183673469,
      "recall": 1.0,
      "f1": 0.9948717948717949
    },
    "PIX-STAR Photo-frame": {
      "precision": 0.7686567164179104,
      "recall": 0.8879310344827587,
      "f1": 0.824
    },
    "Samsung Galaxy Tab": {
      "precision": 0.8723404255319149,
      "recall": 0.7420814479638009,
      "f1": 0.8019559902200489
    },
    "Samsung SmartCam": {
      "precision": 0.9528301886792453,
      "recall": 0.9477211796246648,
      "f1": 0.9502688172043011
    },
    "Smart Things": {
      "precision": 1.0,
      "recall": 1.0,
      "f1": 1.0
    },
    "TP-Link Day Night Cloud camera": {
      "precision": 0.9281767955801105,
      "recall": 0.8484848484848485,
      "f1": 0.8865435356200527
    },
    "TP-Link Smart plug": {
      "precision": 0.6666666666666666,
      "recall": 0.9777777777777777,
      "f1": 0.7927927927927928
    },
    "TPLink Router Bridge LAN": {
      "precision": 0.9989228007181329,
      "recall": 1.0,
      "f1": 0.9994611101131669
    },
    "Triby Speaker": {
      "precision": 0.9927007299270073,
      "recall": 0.9784172661870504,
      "f1": 0.9855072463768116
    },
    "Withings Smart Baby Monitor": {
      "precision": 0.9992325402916347,
      "recall": 0.9984662576687117,
      "f1": 0.998849252013809
    }
  },
  "confusion_matrix": [
    [
      965,
      0,
      0,
      0,
      1,
      0,
      2,
      2,
      0,
      0,
      2,
      0,
      0,
      0,
      0,
      0,
      0,
      0
    ],
    [
      0,
      27,
      0,
      0,
      0,
      0,
      2,
      2,
      0,
      0,
      8,
      0,
      0,
      0,
      0,
      1,
      0,
      0
    ],
    [
      0,
      0,
      308,
      96,
      0,
      8,
      1,
      4,
      0,
      5,
      0,
      5,
      0,
      3,
      0,
      0,
      0,
      0
    ],
    [
      0,
      0,
      212,
      211,
      0,
      12,
      0,
      2,
      0,
      5,
      1,
      2,
      0,
      6,
      0,
      0,
      0,
      0
    ],
    [
      0,
      0,
      0,
      0,
      3783,
      0,
      0,
      0,
      0,
      0,
      0,
      0,
      0,
      0,
      0,
      0,
      0,
      0
    ],
    [
      0,
      0,
      8,
      4,
      0,
      361,
      0,
      0,
      0,
      14,
      1,
      10,
      0,
      4,
      0,
      0,
      0,
      0
    ],
    [
      1,
      5,
      0,
      0,
      0,
      0,
      59,
      0,
      0,
      0,
      3,
      0,
      0,
      0,
      0,
      1,
      0,
      0
    ],
    [
      5,
      2,
      6,
      49,
      0,
      2,
      1,
      968,
      2,
      0,
      3,
      2,
      0,
      0,
      0,
      0,
      0,
      0
    ],
    [
      0,
      0,
      0,
      0,
      0,
      0,
      0,
      0,
      194,
      0,
      0,
      0,
      0,
      0,
      0,
      0,
      0,
      0
    ],
    [
      1,
      0,
      5,
      3,
      0,
      1,
      0,
      2,
      0,
      103,
      1,
      0,
      0,
      0,
      0,
      0,
      0,
      0
    ],
    [
      5,
      1,
      0,
      1,
      0,
      1,
      8,
      2,
      0,
      7,
      164,
      4,
      0,
      0,
      22,
      4,
      1,
      1
    ],
    [
      0,
      0,
      8,
      5,
      0,
      19,
      2,
      5,
      0,
      0,
      0,
      707,
      0,
      0,
      0,
      0,
      0,
      0
    ],
    [
      0,
      0,
      0,
      0,
      0,
      0,
      0,
      0,
      0,
      0,
      0,
      0,
      913,
      0,
      0,
      0,
      0,
      0
    ],
    [
      0,
      0,
      3,
      3,
      0,
      11,
      0,
      1,
      0,
      0,
      0,
      12,
      0,
      168,
      0,
      0,
      0,
      0
    ],
    [
      0,
      0,
      0,
      0,
      0,
      0,
      0,
      0,
      0,
      0,
      1,
      0,
      0,
      0,
      44,
      0,
      0,
      0
    ],
    [
      0,
      0,
      0,
      0,
      0,
      0,
      0,
      0,
      0,
      0,
      0,
      0,
      0,
      0,
      0,
      5564,
      0,
      0
    ],
    [
      0,
      0,
      0,
      0,
      0,
      1,
      0,
      0,
      0,
      0,
      2,
      0,
      0,
      0,
      0,
      0,
      136,
      0
    ],
    [
      0,
      0,
      0,
      0,
      0,
      0,
      0,
      0,
      0,
      0,
      2,
      0,
      0,
      0,
      0,
      0,
      0,
      1302
    ]
  ],
  "time_costs": {
    "feature_construction_time": 191.90430545806885,
    "train_time": 1.3950568000145722,
    "inference_time_total": 0.08472819998860359,
    "inference_time_per_sample": 5.095820051037685e-06
  }
}