{
  "accuracy": 0.14978601997146934,
  "macro_f1": 0.08644121125324133,
  "weighted_f1": 0.08239451566277904,
  "macro_precision": 0.05845809063159122,
  "macro_recall": 0.21277403563765615,
  "per_class": {
    "class_0": {
      "precision": 0.0,
      "recall": 0.0,
      "f1": 0.0
    },
    "class_1": {
      "precision": 0.29484902309058614,
      "recall": 0.7063829787234043,
      "f1": 0.41604010025062654
    },
    "class_2": {
      "precision": 0.039923954372623575,
      "recall": 0.0860655737704918,
      "f1": 0.05454545454545454
    },
    "class_3": {
      "precision": 0.0,
      "recall": 0.0,
      "f1": 0.0
    },
    "class_4": {
      "precision": 0.0744336569579288,
      "recall": 0.696969696969697,
      "f1": 0.13450292397660818
    },
    "class_5": {
      "precision": 0.0,
      "recall": 0.0,
      "f1": 0.0
    },
    "class_6": {
      "precision": 0.0,
      "recall": 0.0,
      "f1": 0.0
    }
  },
  "confusion_matrix": [
    [
      0,
      177,
      101,
      0,
      10,
      0,
      0
    ],
    [
      0,
      166,
      3,
      1,
      65,
      0,
      0
    ],
    [
      0,
      149,
      21,
      2,
      72,
      0,
      0
    ],
    [
      0,
      0,
      266,
      0,
      14,
      0,
      0
    ],
    [
      0,
      9,
      1,
      0,
      23,
      0,
      0
    ],
    [
      0,
      52,
      134,
      1,
      95,
      0,
      0
    ],
    [
      0,
      10,
      0,
      0,
      30,
      0,
      0
    ]
  ],
  "time_costs": {
    "train_time": 0.12479509999684524,
    "inference_time_total": 0.028144100011559203,
    "inference_time_per_sample": 2.0074251078144937e-05
  }
}