{
  "accuracy": 0.23692535505149087,
  "macro_f1": 0.10384577858579791,
  "weighted_f1": 0.23296154716829431,
  "macro_precision": 0.11101624288631141,
  "macro_recall": 0.16401264132160523,
  "per_class": {
    "Amazon Echo": {
      "precision": 0.6133182844243792,
      "recall": 0.4314067958081931,
      "f1": 0.5065249813571961
    },
    "HP Printer": {
      "precision": 0.08664718587218904,
      "recall": 0.6394749179559306,
      "f1": 0.15261538461538462
    },
    "Netatmo Welcome": {
      "precision": 0.05739514348785872,
      "recall": 0.07592472420506165,
      "f1": 0.06537225869534852
    },
    "Netatmo weather station": {
      "precision": 0.0,
      "recall": 0.0,
      "f1": 0.0
    },
    "PIX-STAR Photo-frame": {
      "precision": 0.0,
      "recall": 0.0,
      "f1": 0.0
    },
    "Samsung SmartCam": {
      "precision": 0.019753086419753086,
      "recall": 0.001282051282051282,
      "f1": 0.0024078254326561324
    },
    "TP-Link Day Night Cloud camera": {
      "precision": 0.0,
      "recall": 0.0,
      "f1": 0.0
    }
  },
  "confusion_matrix": [
    [
      5434,
      3704,
      2987,
      0,
      0,
      252,
      219
    ],
    [
      565,
      1364,
      182,
      0,
      0,
      12,
      10
    ],
    [
      377,
      1987,
      234,
      0,
      0,
      132,
      352
    ],
    [
      105,
      4140,
      20,
      0,
      0,
      1,
      0
    ],
    [
      241,
      388,
      12,
      0,
      0,
      0,
      0
    ],
    [
      1907,
      3681,
      595,
      0,
      0,
      8,
      49
    ],
    [
      231,
      478,
      47,
      0,
      0,
      0,
      0
    ]
  ],
  "time_costs": {
    "train_time": 0.668090499995742,
    "inference_time_total": 0.06199719999858644,
    "inference_time_per_sample": 2.0864642928783214e-06
  }
}