device,precision,recall,f1
Amazon Echo,0.6133182844243792,0.4314067958081931,0.5065249813571961
HP Printer,0.08664718587218904,0.6394749179559306,0.15261538461538462
Netatmo Welcome,0.05739514348785872,0.07592472420506165,0.06537225869534852
Netatmo weather station,0.0,0.0,0.0
PIX-STAR Photo-frame,0.0,0.0,0.0
Samsung SmartCam,0.019753086419753086,0.001282051282051282,0.0024078254326561324
TP-Link Day Night Cloud camera,0.0,0.0,0.0
