{
  "accuracy": 0.1408910235177211,
  "macro_f1": 0.040552051908048115,
  "weighted_f1": 0.04057299458792005,
  "macro_precision": 0.0384824554291444,
  "macro_recall": 0.14076635486380373,
  "per_class": {
    "class_0": {
      "precision": 0.0,
      "recall": 0.0,
      "f1": 0.0
    },
    "class_1": {
      "precision": 0.1412415947836718,
      "recall": 0.9634005096131573,
      "f1": 0.24636436335633682
    },
    "class_2": {
      "precision": 0.0,
      "recall": 0.0,
      "f1": 0.0
    },
    "class_3": {
      "precision": 0.0,
      "recall": 0.0,
      "f1": 0.0
    },
    "class_4": {
      "precision": 0.0,
      "recall": 0.0,
      "f1": 0.0
    },
    "class_5": {
      "precision": 0.0,
      "recall": 0.0,
      "f1": 0.0
    },
    "class_6": {
      "precision": 0.128135593220339,
      "recall": 0.021963974433468914,
      "f1": 0.0375
    }
  },
  "confusion_matrix": [
    [
      0,
      8263,
      6,
      0,
      0,
      0,
      366
    ],
    [
      0,
      8318,
      0,
      0,
      0,
      0,
      316
    ],
    [
      0,
      8576,
      0,
      0,
      0,
      0,
      44
    ],
    [
      0,
      8526,
      0,
      0,
      0,
      0,
      109
    ],
    [
      0,
      8425,
      0,
      0,
      0,
      0,
      202
    ],
    [
      0,
      8368,
      0,
      0,
      7,
      0,
      249
    ],
    [
      0,
      8416,
      0,
      0,
      0,
      0,
      189
    ]
  ],
  "time_costs": {
    "train_time": 2.4177206000022124,
    "inference_time_total": 0.2613345000136178,
    "inference_time_per_sample": 4.328163299331199e-06
  }
}