{
  "accuracy": 0.9822525857791687,
  "macro_f1": 0.9210999013458468,
  "weighted_f1": 0.9814315986408098,
  "macro_precision": 0.9131695806007324,
  "macro_recall": 0.947020199237994,
  "per_class": {
    "Amazon Echo": {
      "precision": 0.9854368932038835,
      "recall": 0.9950980392156863,
      "f1": 0.9902439024390244
    },
    "Android Phone 2": {
      "precision": 0.5828025477707006,
      "recall": 0.7038461538461539,
      "f1": 0.6376306620209059
    },
    "Belkin Wemo switch": {
      "precision": 0.9886039886039886,
      "recall": 0.9971264367816092,
      "f1": 0.9928469241773963
    },
    "Belkin wemo motion sensor": {
      "precision": 0.989938080495356,
      "recall": 0.99921875,
      "f1": 0.994556765163297
    },
    "Dropcam": {
      "precision": 1.0,
      "recall": 1.0,
      "f1": 1.0
    },
    "HP Printer": {
      "precision": 0.9747899159663865,
      "recall": 1.0,
      "f1": 0.9872340425531915
    },
    "Laptop": {
      "precision": 0.9819985304922851,
      "recall": 0.9604743083003953,
      "f1": 0.9711171662125341
    },
    "Netatmo Welcome": {
      "precision": 0.9980842911877394,
      "recall": 0.9980842911877394,
      "f1": 0.9980842911877394
    },
    "Netatmo weather station": {
      "precision": 1.0,
      "recall": 0.9903846153846154,
      "f1": 0.9951690821256038
    },
    "PIX-STAR Photo-frame": {
      "precision": 0.7687074829931972,
      "recall": 0.9826086956521739,
      "f1": 0.8625954198473282
    },
    "Samsung Galaxy Tab": {
      "precision": 0.8142292490118577,
      "recall": 0.4618834080717489,
      "f1": 0.5894134477825465
    },
    "Samsung SmartCam": {
      "precision": 0.9928861788617886,
      "recall": 0.9994884910485934,
      "f1": 0.9961763956156003
    },
    "Smart Things": {
      "precision": 1.0,
      "recall": 1.0,
      "f1": 1.0
    },
    "TP-Link Day Night Cloud camera": {
      "precision": 0.9815950920245399,
      "recall": 1.0,
      "f1": 0.9907120743034056
    },
    "TP-Link Smart plug": {
      "precision": 0.453125,
      "recall": 0.9666666666666667,
      "f1": 0.6170212765957447
    },
    "TPLink Router Bridge LAN": {
      "precision": 0.9915218668681273,
      "recall": 0.9983096686950642,
      "f1": 0.9949041903558644
    },
    "Triby Speaker": {
      "precision": 0.9333333333333333,
      "recall": 1.0,
      "f1": 0.9655172413793104
    },
    "Withings Smart Baby Monitor": {
      "precision": 1.0,
      "recall": 0.9931740614334471,
      "f1": 0.9965753424657534
    }
  },
  "confusion_matrix": [
    [
      812,
      1,
      0,
      0,
      0,
      0,
      2,
      1,
      0,
      0,
      0,
      0,
      0,
      0,
      0,
      0,
      0,
      0
    ],
    [
      3,
      183,
      0,
      2,
      0,
      0,
      19,
      0,
      0,
      0,
      43,
      0,
      0,
      0,
      0,
      10,
      0,
      0
    ],
    [
      0,
      0,
      1041,
      0,
      0,
      1,
      1,
      0,
      0,
      0,
      0,
      0,
      0,
      0,
      0,
      1,
      0,
      0
    ],
    [
      0,
      0,
      0,
      1279,
      0,
      1,
      0,
      0,
      0,
      0,
      0,
      0,
      0,
      0,
      0,
      0,
      0,
      0
    ],
    [
      0,
      0,
      0,
      0,
      3563,
      0,
      0,
      0,
      0,
      0,
      0,
      0,
      0,
      0,
      0,
      0,
      0,
      0
    ],
    [
      0,
      0,
      0,
      0,
      0,
      232,
      0,
      0,
      0,
      0,
      0,
      0,
      0,
      0,
      0,
      0,
      0,
      0
    ],
    [
      0,
      87,
      0,
      0,
      0,
      0,
      2673,
      0,
      0,
      0,
      1,
      1,
      0,
      0,
      0,
      21,
      0,
      0
    ],
    [
      0,
      1,
      0,
      0,
      0,
      0,
      0,
      521,
      0,
      0,
      0,
      0,
      0,
      0,
      0,
      0,
      0,
      0
    ],
    [
      0,
      0,
      0,
      0,
      0,
      0,
      0,
      0,
      103,
      0,
      0,
      0,
      0,
      0,
      1,
      0,
      0,
      0
    ],
    [
      0,
      1,
      1,
      0,
      0,
      0,
      0,
      0,
      0,
      113,
      0,
      0,
      0,
      0,
      0,
      0,
      0,
      0
    ],
    [
      8,
      37,
      3,
      11,
      0,
      4,
      22,
      0,
      0,
      34,
      206,
      9,
      0,
      3,
      34,
      68,
      7,
      0
    ],
    [
      0,
      0,
      0,
      0,
      0,
      0,
      1,
      0,
      0,
      0,
      0,
      1954,
      0,
      0,
      0,
      0,
      0,
      0
    ],
    [
      0,
      0,
      0,
      0,
      0,
      0,
      0,
      0,
      0,
      0,
      0,
      0,
      375,
      0,
      0,
      0,
      0,
      0
    ],
    [
      0,
      0,
      0,
      0,
      0,
      0,
      0,
      0,
      0,
      0,
      0,
      0,
      0,
      160,
      0,
      0,
      0,
      0
    ],
    [
      0,
      1,
      0,
      0,
      0,
      0,
      0,
      0,
      0,
      0,
      0,
      0,
      0,
      0,
      29,
      0,
      0,
      0
    ],
    [
      1,
      3,
      8,
      0,
      0,
      0,
      4,
      0,
      0,
      0,
      3,
      1,
      0,
      0,
      0,
      11812,
      0,
      0
    ],
    [
      0,
      0,
      0,
      0,
      0,
      0,
      0,
      0,
      0,
      0,
      0,
      0,
      0,
      0,
      0,
      0,
      98,
      0
    ],
    [
      0,
      0,
      0,
      0,
      0,
      0,
      0,
      0,
      0,
      0,
      0,
      3,
      0,
      0,
      0,
      1,
      0,
      582
    ]
  ],
  "time_costs": {
    "feature_construction_time": 285.51465344429016,
    "train_time": 6.405550900002709,
    "inference_time_total": 0.06606440001633018,
    "inference_time_per_sample": 2.521445746968825e-06
  }
}