{
  "accuracy": 0.9175705383259751,
  "macro_f1": 0.8733286774224478,
  "weighted_f1": 0.9183751106066861,
  "macro_precision": 0.8677759206742004,
  "macro_recall": 0.9169065154746296,
  "per_class": {
    "Amazon Echo": {
      "precision": 0.9775494672754946,
      "recall": 0.9809087437953418,
      "f1": 0.9792262245092433
    },
    "Android Phone 2": {
      "precision": 0.08385744234800839,
      "recall": 0.8,
      "f1": 0.15180265654648956
    },
    "Belkin Wemo switch": {
      "precision": 0.5710407239819004,
      "recall": 0.6667840789010215,
      "f1": 0.615209619759506
    },
    "Belkin wemo motion sensor": {
      "precision": 0.6314508276533592,
      "recall": 0.43596638655462183,
      "f1": 0.5158083117916087
    },
    "Dropcam": {
      "precision": 1.0,
      "recall": 1.0,
      "f1": 1.0
    },
    "HP Printer": {
      "precision": 0.972872340425532,
      "recall": 0.9406016970943687,
      "f1": 0.9564648973722055
    },
    "Laptop": {
      "precision": 0.9125,
      "recall": 0.9605263157894737,
      "f1": 0.9358974358974359
    },
    "Netatmo Welcome": {
      "precision": 0.9681020733652312,
      "recall": 0.9902120717781403,
      "f1": 0.9790322580645161
    },
    "Netatmo weather station": {
      "precision": 1.0,
      "recall": 1.0,
      "f1": 1.0
    },
    "PIX-STAR Photo-frame": {
      "precision": 0.8593939393939394,
      "recall": 0.9633152173913043,
      "f1": 0.9083920563741191
    },
    "Samsung Galaxy Tab": {
      "precision": 0.9980101302460203,
      "recall": 0.8021227100901425,
      "f1": 0.889408350798001
    },
    "Samsung SmartCam": {
      "precision": 0.957217504898759,
      "recall": 0.9848790322580645,
      "f1": 0.9708512752567076
    },
    "Smart Things": {
      "precision": 1.0,
      "recall": 1.0,
      "f1": 1.0
    },
    "TP-Link Day Night Cloud camera": {
      "precision": 0.9151624548736462,
      "recall": 0.9798994974874372,
      "f1": 0.9464252380063468
    },
    "TP-Link Smart plug": {
      "precision": 0.7728096676737161,
      "recall": 1.0,
      "f1": 0.8718473074301295
    },
    "TPLink Router Bridge LAN": {
      "precision": 1.0,
      "recall": 0.9991015274034142,
      "f1": 0.9995505617977528
    },
    "Triby Speaker": {
      "precision": 1.0,
      "recall": 1.0,
      "f1": 1.0
    },
    "Withings Smart Baby Monitor": {
      "precision": 1.0,
      "recall": 1.0,
      "f1": 1.0
    }
  },
  "confusion_matrix": [
    [
      2569,
      0,
      0,
      0,
      0,
      0,
      0,
      50,
      0,
      0,
      0,
      0,
      0,
      0,
      0,
      0,
      0,
      0
    ],
    [
      0,
      40,
      0,
      0,
      0,
      0,
      0,
      0,
      0,
      0,
      10,
      0,
      0,
      0,
      0,
      0,
      0,
      0
    ],
    [
      0,
      0,
      1893,
      713,
      0,
      37,
      0,
      33,
      0,
      66,
      0,
      17,
      0,
      80,
      0,
      0,
      0,
      0
    ],
    [
      0,
      0,
      1362,
      1297,
      0,
      37,
      0,
      23,
      0,
      94,
      1,
      15,
      0,
      146,
      0,
      0,
      0,
      0
    ],
    [
      0,
      0,
      0,
      0,
      3795,
      0,
      0,
      0,
      0,
      0,
      0,
      0,
      0,
      0,
      0,
      0,
      0,
      0
    ],
    [
      0,
      0,
      13,
      15,
      0,
      3658,
      3,
      13,
      0,
      150,
      0,
      37,
      0,
      0,
      0,
      0,
      0,
      0
    ],
    [
      0,
      3,
      0,
      0,
      0,
      0,
      73,
      0,
      0,
      0,
      0,
      0,
      0,
      0,
      0,
      0,
      0,
      0
    ],
    [
      48,
      0,
      0,
      0,
      0,
      0,
      0,
      4856,
      0,
      0,
      0,
      0,
      0,
      0,
      0,
      0,
      0,
      0
    ],
    [
      0,
      0,
      0,
      0,
      0,
      0,
      0,
      0,
      2361,
      0,
      0,
      0,
      0,
      0,
      0,
      0,
      0,
      0
    ],
    [
      0,
      0,
      41,
      23,
      0,
      21,
      0,
      18,
      0,
      2836,
      0,
      5,
      0,
      0,
      0,
      0,
      0,
      0
    ],
    [
      11,
      433,
      0,
      0,
      0,
      4,
      0,
      2,
      0,
      154,
      5517,
      5,
      0,
      0,
      752,
      0,
      0,
      0
    ],
    [
      0,
      0,
      6,
      6,
      0,
      3,
      0,
      21,
      0,
      0,
      0,
      2931,
      0,
      9,
      0,
      0,
      0,
      0
    ],
    [
      0,
      0,
      0,
      0,
      0,
      0,
      0,
      0,
      0,
      0,
      0,
      0,
      2755,
      0,
      0,
      0,
      0,
      0
    ],
    [
      0,
      0,
      0,
      0,
      0,
      0,
      0,
      0,
      0,
      0,
      0,
      52,
      0,
      2535,
      0,
      0,
      0,
      0
    ],
    [
      0,
      0,
      0,
      0,
      0,
      0,
      0,
      0,
      0,
      0,
      0,
      0,
      0,
      0,
      2558,
      0,
      0,
      0
    ],
    [
      0,
      1,
      0,
      0,
      0,
      0,
      4,
      0,
      0,
      0,
      0,
      0,
      0,
      0,
      0,
      5560,
      0,
      0
    ],
    [
      0,
      0,
      0,
      0,
      0,
      0,
      0,
      0,
      0,
      0,
      0,
      0,
      0,
      0,
      0,
      0,
      2586,
      0
    ],
    [
      0,
      0,
      0,
      0,
      0,
      0,
      0,
      0,
      0,
      0,
      0,
      0,
      0,
      0,
      0,
      0,
      0,
      2684
    ]
  ],
  "time_costs": {
    "feature_construction_time": 319.45750641822815,
    "train_time": 14.636391300009564,
    "inference_time_total": 0.17395529999339487,
    "inference_time_per_sample": 3.160467651267144e-06
  }
}