{
  "accuracy": 0.9701528755156515,
  "macro_f1": 0.8955663112570633,
  "weighted_f1": 0.9696749181674501,
  "macro_precision": 0.8883943318410927,
  "macro_recall": 0.9151533189157691,
  "per_class": {
    "Amazon Echo": {
      "precision": 0.9980879541108987,
      "recall": 0.9923954372623575,
      "f1": 0.9952335557673975
    },
    "Android Phone 2": {
      "precision": 0.7692307692307693,
      "recall": 1.0,
      "f1": 0.8695652173913043
    },
    "Belkin Wemo switch": {
      "precision": 0.6022304832713755,
      "recall": 0.7788461538461539,
      "f1": 0.6792452830188679
    },
    "Belkin wemo motion sensor": {
      "precision": 0.6964285714285714,
      "recall": 0.5176991150442478,
      "f1": 0.5939086294416244
    },
    "Dropcam": {
      "precision": 0.9994708994708995,
      "recall": 1.0,
      "f1": 0.9997353797300873
    },
    "HP Printer": {
      "precision": 0.8817733990147784,
      "recall": 0.9179487179487179,
      "f1": 0.8994974874371859
    },
    "Laptop": {
      "precision": 0.8611111111111112,
      "recall": 0.9117647058823529,
      "f1": 0.8857142857142857
    },
    "Netatmo Welcome": {
      "precision": 0.993006993006993,
      "recall": 0.9947460595446584,
      "f1": 0.9938757655293088
    },
    "Netatmo weather station": {
      "precision": 0.9705882352941176,
      "recall": 1.0,
      "f1": 0.9850746268656716
    },
    "PIX-STAR Photo-frame": {
      "precision": 0.8055555555555556,
      "recall": 0.9354838709677419,
      "f1": 0.8656716417910447
    },
    "Samsung Galaxy Tab": {
      "precision": 0.8961038961038961,
      "recall": 0.6160714285714286,
      "f1": 0.7301587301587301
    },
    "Samsung SmartCam": {
      "precision": 1.0,
      "recall": 1.0,
      "f1": 1.0
    },
    "Smart Things": {
      "precision": 1.0,
      "recall": 1.0,
      "f1": 1.0
    },
    "TP-Link Day Night Cloud camera": {
      "precision": 0.9361702127659575,
      "recall": 0.8543689320388349,
      "f1": 0.8934010152284264
    },
    "TP-Link Smart plug": {
      "precision": 0.6111111111111112,
      "recall": 0.9565217391304348,
      "f1": 0.7457627118644068
    },
    "TPLink Router Bridge LAN": {
      "precision": 0.9996405463695184,
      "recall": 1.0,
      "f1": 0.9998202408772245
    },
    "Triby Speaker": {
      "precision": 0.9705882352941176,
      "recall": 1.0,
      "f1": 0.9850746268656716
    },
    "Withings Smart Baby Monitor": {
      "precision": 1.0,
      "recall": 0.9969135802469136,
      "f1": 0.9984544049459042
    }
  },
  "confusion_matrix": [
    [
      522,
      0,
      0,
      0,
      0,
      0,
      0,
      0,
      0,
      0,
      4,
      0,
      0,
      0,
      0,
      0,
      0,
      0
    ],
    [
      0,
      20,
      0,
      0,
      0,
      0,
      0,
      0,
      0,
      0,
      0,
      0,
      0,
      0,
      0,
      0,
      0,
      0
    ],
    [
      0,
      0,
      162,
      39,
      0,
      6,
      0,
      0,
      0,
      0,
      0,
      0,
      0,
      1,
      0,
      0,
      0,
      0
    ],
    [
      0,
      0,
      96,
      117,
      0,
      8,
      0,
      0,
      0,
      1,
      0,
      0,
      0,
      4,
      0,
      0,
      0,
      0
    ],
    [
      0,
      0,
      0,
      0,
      1889,
      0,
      0,
      0,
      0,
      0,
      0,
      0,
      0,
      0,
      0,
      0,
      0,
      0
    ],
    [
      0,
      0,
      6,
      3,
      0,
      179,
      0,
      0,
      0,
      6,
      0,
      0,
      0,
      1,
      0,
      0,
      0,
      0
    ],
    [
      0,
      2,
      0,
      0,
      0,
      0,
      31,
      0,
      0,
      0,
      0,
      0,
      0,
      0,
      0,
      1,
      0,
      0
    ],
    [
      0,
      0,
      0,
      0,
      1,
      0,
      0,
      568,
      0,
      0,
      2,
      0,
      0,
      0,
      0,
      0,
      0,
      0
    ],
    [
      0,
      0,
      0,
      0,
      0,
      0,
      0,
      0,
      99,
      0,
      0,
      0,
      0,
      0,
      0,
      0,
      0,
      0
    ],
    [
      0,
      0,
      2,
      1,
      0,
      1,
      0,
      0,
      0,
      58,
      0,
      0,
      0,
      0,
      0,
      0,
      0,
      0
    ],
    [
      1,
      4,
      0,
      3,
      0,
      6,
      5,
      1,
      1,
      7,
      69,
      0,
      0,
      0,
      14,
      0,
      1,
      0
    ],
    [
      0,
      0,
      0,
      0,
      0,
      0,
      0,
      0,
      0,
      0,
      0,
      311,
      0,
      0,
      0,
      0,
      0,
      0
    ],
    [
      0,
      0,
      0,
      0,
      0,
      0,
      0,
      0,
      0,
      0,
      0,
      0,
      401,
      0,
      0,
      0,
      0,
      0
    ],
    [
      0,
      0,
      3,
      5,
      0,
      3,
      0,
      3,
      1,
      0,
      0,
      0,
      0,
      88,
      0,
      0,
      0,
      0
    ],
    [
      0,
      0,
      0,
      0,
      0,
      0,
      0,
      0,
      1,
      0,
      0,
      0,
      0,
      0,
      22,
      0,
      0,
      0
    ],
    [
      0,
      0,
      0,
      0,
      0,
      0,
      0,
      0,
      0,
      0,
      0,
      0,
      0,
      0,
      0,
      2781,
      0,
      0
    ],
    [
      0,
      0,
      0,
      0,
      0,
      0,
      0,
      0,
      0,
      0,
      0,
      0,
      0,
      0,
      0,
      0,
      33,
      0
    ],
    [
      0,
      0,
      0,
      0,
      0,
      0,
      0,
      0,
      0,
      0,
      2,
      0,
      0,
      0,
      0,
      0,
      0,
      646
    ]
  ],
  "time_costs": {
    "feature_construction_time": 110.77588319778442,
    "train_time": 0.6945976999995764,
    "inference_time_total": 0.050815299997339025,
    "inference_time_per_sample": 6.165408881016625e-06
  }
}