{
  "accuracy": 0.07276436586195172,
  "macro_f1": 0.0250399251967305,
  "weighted_f1": 0.025824805457387724,
  "macro_precision": 0.015220042123933046,
  "macro_recall": 0.07057416267942583,
  "per_class": {
    "Amazon Echo": {
      "precision": 0.0,
      "recall": 0.0,
      "f1": 0.0
    },
    "Belkin wemo motion sensor": {
      "precision": 0.0,
      "recall": 0.0,
      "f1": 0.0
    },
    "Dropcam": {
      "precision": 0.0,
      "recall": 0.0,
      "f1": 0.0
    },
    "HP Printer": {
      "precision": 0.1958762886597938,
      "recall": 0.9090909090909091,
      "f1": 0.32230703986429177
    },
    "Laptop": {
      "precision": 0.0,
      "recall": 0.0,
      "f1": 0.0
    },
    "Netatmo Welcome": {
      "precision": 0.017204301075268817,
      "recall": 0.07894736842105263,
      "f1": 0.028251912889935255
    },
    "Netatmo weather station": {
      "precision": 0.0,
      "recall": 0.0,
      "f1": 0.0
    },
    "PIX-STAR Photo-frame": {
      "precision": 0.0,
      "recall": 0.0,
      "f1": 0.0
    },
    "Samsung Galaxy Tab": {
      "precision": 0.0,
      "recall": 0.0,
      "f1": 0.0
    },
    "Samsung SmartCam": {
      "precision": 0.0,
      "recall": 0.0,
      "f1": 0.0
    },
    "TP-Link Day Night Cloud camera": {
      "precision": 0.0,
      "recall": 0.0,
      "f1": 0.0
    },
    "TP-Link Smart plug": {
      "precision": 0.0,
      "recall": 0.0,
      "f1": 0.0
    },
    "TPLink Router Bridge LAN": {
      "precision": 0.0,
      "recall": 0.0,
      "f1": 0.0
    },
    "Withings Smart Baby Monitor": {
      "precision": 0.0,
      "recall": 0.0,
      "f1": 0.0
    }
  },
  "confusion_matrix": [
    [
      0,
      9,
      2,
      36,
      70,
      1111,
      5,
      0,
      9,
      0,
      0,
      0,
      1,
      12
    ],
    [
      0,
      0,
      0,
      0,
      0,
      0,
      0,
      0,
      0,
      0,
      0,
      0,
      0,
      0
    ],
    [
      0,
      0,
      0,
      0,
      0,
      0,
      0,
      0,
      0,
      0,
      0,
      0,
      0,
      0
    ],
    [
      0,
      0,
      0,
      190,
      0,
      0,
      3,
      0,
      0,
      0,
      0,
      16,
      0,
      0
    ],
    [
      0,
      0,
      0,
      0,
      0,
      0,
      0,
      0,
      0,
      0,
      0,
      0,
      0,
      0
    ],
    [
      0,
      0,
      2,
      162,
      18,
      24,
      94,
      1,
      1,
      0,
      0,
      1,
      0,
      1
    ],
    [
      0,
      0,
      0,
      408,
      0,
      6,
      0,
      0,
      0,
      0,
      0,
      8,
      0,
      0
    ],
    [
      0,
      0,
      0,
      0,
      0,
      0,
      0,
      0,
      0,
      0,
      0,
      60,
      0,
      0
    ],
    [
      0,
      0,
      0,
      0,
      0,
      0,
      0,
      0,
      0,
      0,
      0,
      0,
      0,
      0
    ],
    [
      0,
      6,
      0,
      172,
      9,
      254,
      177,
      0,
      0,
      0,
      0,
      2,
      0,
      0
    ],
    [
      0,
      0,
      0,
      2,
      0,
      0,
      0,
      0,
      0,
      0,
      0,
      69,
      0,
      0
    ],
    [
      0,
      0,
      0,
      0,
      0,
      0,
      0,
      0,
      0,
      0,
      0,
      0,
      0,
      0
    ],
    [
      0,
      0,
      0,
      0,
      0,
      0,
      0,
      0,
      0,
      0,
      0,
      0,
      0,
      0
    ],
    [
      0,
      0,
      0,
      0,
      0,
      0,
      0,
      0,
      0,
      0,
      0,
      0,
      0,
      0
    ]
  ],
  "time_costs": {
    "inference_time_total": 0.016046300006564707,
    "inference_time_per_sample": 5.456069366393984e-06
  }
}