{
  "accuracy": 0.9588622472966619,
  "macro_f1": 0.8400276870691238,
  "weighted_f1": 0.9586166813349052,
  "macro_precision": 0.850124583980771,
  "macro_recall": 0.8430568185128043,
  "per_class": {
    "Amazon Echo": {
      "precision": 0.9963898916967509,
      "recall": 0.989247311827957,
      "f1": 0.9928057553956835
    },
    "Android Phone 2": {
      "precision": 0.5555555555555556,
      "recall": 0.5555555555555556,
      "f1": 0.5555555555555556
    },
    "Belkin Wemo switch": {
      "precision": 0.562962962962963,
      "recall": 0.7378640776699029,
      "f1": 0.6386554621848739
    },
    "Belkin wemo motion sensor": {
      "precision": 0.6631578947368421,
      "recall": 0.5625,
      "f1": 0.6086956521739131
    },
    "Dropcam": {
      "precision": 1.0,
      "recall": 1.0,
      "f1": 1.0
    },
    "HP Printer": {
      "precision": 0.8725490196078431,
      "recall": 0.8640776699029126,
      "f1": 0.8682926829268293
    },
    "Laptop": {
      "precision": 0.7222222222222222,
      "recall": 0.8125,
      "f1": 0.7647058823529411
    },
    "Netatmo Welcome": {
      "precision": 0.9851485148514851,
      "recall": 0.9754901960784313,
      "f1": 0.9802955665024631
    },
    "Netatmo weather station": {
      "precision": 1.0,
      "recall": 1.0,
      "f1": 1.0
    },
    "PIX-STAR Photo-frame": {
      "precision": 0.6666666666666666,
      "recall": 0.32432432432432434,
      "f1": 0.43636363636363634
    },
    "Samsung Galaxy Tab": {
      "precision": 0.6164383561643836,
      "recall": 0.7758620689655172,
      "f1": 0.6870229007633588
    },
    "Samsung SmartCam": {
      "precision": 0.8867924528301887,
      "recall": 0.94,
      "f1": 0.912621359223301
    },
    "Smart Things": {
      "precision": 1.0,
      "recall": 1.0,
      "f1": 1.0
    },
    "TP-Link Day Night Cloud camera": {
      "precision": 0.9743589743589743,
      "recall": 0.7307692307692307,
      "f1": 0.8351648351648352
    },
    "TP-Link Smart plug": {
      "precision": 0.8,
      "recall": 1.0,
      "f1": 0.8888888888888888
    },
    "TPLink Router Bridge LAN": {
      "precision": 1.0,
      "recall": 1.0,
      "f1": 1.0
    },
    "Triby Speaker": {
      "precision": 1.0,
      "recall": 0.9130434782608695,
      "f1": 0.9545454545454546
    },
    "Withings Smart Baby Monitor": {
      "precision": 1.0,
      "recall": 0.9937888198757764,
      "f1": 0.9968847352024922
    }
  },
  "confusion_matrix": [
    [
      276,
      0,
      0,
      1,
      0,
      0,
      1,
      0,
      0,
      0,
      1,
      0,
      0,
      0,
      0,
      0,
      0,
      0
    ],
    [
      0,
      5,
      0,
      0,
      0,
      0,
      1,
      1,
      0,
      0,
      2,
      0,
      0,
      0,
      0,
      0,
      0,
      0
    ],
    [
      0,
      0,
      76,
      23,
      0,
      0,
      0,
      1,
      0,
      0,
      0,
      2,
      0,
      1,
      0,
      0,
      0,
      0
    ],
    [
      0,
      0,
      44,
      63,
      0,
      2,
      0,
      1,
      0,
      0,
      0,
      2,
      0,
      0,
      0,
      0,
      0,
      0
    ],
    [
      0,
      0,
      0,
      0,
      944,
      0,
      0,
      0,
      0,
      0,
      0,
      0,
      0,
      0,
      0,
      0,
      0,
      0
    ],
    [
      0,
      0,
      6,
      1,
      0,
      89,
      0,
      0,
      0,
      2,
      1,
      4,
      0,
      0,
      0,
      0,
      0,
      0
    ],
    [
      0,
      2,
      0,
      0,
      0,
      1,
      13,
      0,
      0,
      0,
      0,
      0,
      0,
      0,
      0,
      0,
      0,
      0
    ],
    [
      1,
      0,
      2,
      1,
      0,
      0,
      0,
      398,
      0,
      2,
      2,
      2,
      0,
      0,
      0,
      0,
      0,
      0
    ],
    [
      0,
      0,
      0,
      0,
      0,
      0,
      0,
      0,
      45,
      0,
      0,
      0,
      0,
      0,
      0,
      0,
      0,
      0
    ],
    [
      0,
      0,
      3,
      2,
      0,
      0,
      0,
      1,
      0,
      12,
      17,
      2,
      0,
      0,
      0,
      0,
      0,
      0
    ],
    [
      0,
      2,
      0,
      1,
      0,
      1,
      3,
      1,
      0,
      2,
      45,
      1,
      0,
      0,
      2,
      0,
      0,
      0
    ],
    [
      0,
      0,
      2,
      0,
      0,
      6,
      0,
      1,
      0,
      0,
      0,
      141,
      0,
      0,
      0,
      0,
      0,
      0
    ],
    [
      0,
      0,
      0,
      0,
      0,
      0,
      0,
      0,
      0,
      0,
      0,
      0,
      194,
      0,
      0,
      0,
      0,
      0
    ],
    [
      0,
      0,
      2,
      3,
      0,
      3,
      0,
      0,
      0,
      0,
      1,
      5,
      0,
      38,
      0,
      0,
      0,
      0
    ],
    [
      0,
      0,
      0,
      0,
      0,
      0,
      0,
      0,
      0,
      0,
      0,
      0,
      0,
      0,
      8,
      0,
      0,
      0
    ],
    [
      0,
      0,
      0,
      0,
      0,
      0,
      0,
      0,
      0,
      0,
      0,
      0,
      0,
      0,
      0,
      1391,
      0,
      0
    ],
    [
      0,
      0,
      0,
      0,
      0,
      0,
      0,
      0,
      0,
      0,
      2,
      0,
      0,
      0,
      0,
      0,
      21,
      0
    ],
    [
      0,
      0,
      0,
      0,
      0,
      0,
      0,
      0,
      0,
      0,
      2,
      0,
      0,
      0,
      0,
      0,
      0,
      320
    ]
  ],
  "time_costs": {
    "feature_construction_time": 50.829960107803345,
    "train_time": 1.499766000022646,
    "inference_time_total": 0.018530799978179857,
    "inference_time_per_sample": 4.35608838227077e-06
  }
}